2026/05/14 14:47:41 [trace] [system.CModule] Loading "urlManager" application component
in /home/roman/sites/www/stromsteel.loc/protected/modules/yupe/components/urlManager/LanguageBehavior.php (33)
in /home/roman/sites/www/stromsteel.loc/public_html/index.php (40)
2026/05/14 14:47:41 [trace] [system.base.CModule] Loading "yupe" module
in /home/roman/sites/www/stromsteel.loc/protected/modules/yupe/components/urlManager/LangUrlManager.php (63)
in /home/roman/sites/www/stromsteel.loc/protected/modules/yupe/components/urlManager/LanguageBehavior.php (33)
in /home/roman/sites/www/stromsteel.loc/public_html/index.php (40)
2026/05/14 14:47:41 [trace] [system.CModule] Loading "db" application component
in /home/roman/sites/www/stromsteel.loc/protected/modules/yupe/components/WebModule.php (1054)
in /home/roman/sites/www/stromsteel.loc/protected/modules/yupe/components/WebModule.php (1037)
in /home/roman/sites/www/stromsteel.loc/protected/modules/yupe/components/urlManager/LangUrlManager.php (63)
2026/05/14 14:47:41 [trace] [system.db.CDbConnection] Opening DB connection
in /home/roman/sites/www/stromsteel.loc/protected/modules/yupe/components/WebModule.php (1054)
in /home/roman/sites/www/stromsteel.loc/protected/modules/yupe/components/WebModule.php (1037)
in /home/roman/sites/www/stromsteel.loc/protected/modules/yupe/components/urlManager/LangUrlManager.php (63)
2026/05/14 14:47:41 [trace] [system.db.CDbCommand] Querying SQL: 
                    SELECT param_name, param_value
                        FROM yupe_yupe_settings
                        WHERE module_id = :module_id AND type = :type
                    . Bound with :module_id='yupe', :type=1
in /home/roman/sites/www/stromsteel.loc/protected/modules/yupe/components/WebModule.php (1065)
in /home/roman/sites/www/stromsteel.loc/protected/modules/yupe/components/WebModule.php (1037)
in /home/roman/sites/www/stromsteel.loc/protected/modules/yupe/components/urlManager/LangUrlManager.php (63)
2026/05/14 14:47:41 [trace] [system.CModule] Loading "cache" application component
in /home/roman/sites/www/stromsteel.loc/protected/modules/yupe/components/WebModule.php (1065)
in /home/roman/sites/www/stromsteel.loc/protected/modules/yupe/components/WebModule.php (1037)
in /home/roman/sites/www/stromsteel.loc/protected/modules/yupe/components/urlManager/LangUrlManager.php (63)
2026/05/14 14:47:41 [trace] [system.caching.CFileCache] Serving "__tag__yupe" from cache
in /home/roman/sites/www/stromsteel.loc/protected/modules/yupe/extensions/tagcache/TagsCache.php (58)
in /home/roman/sites/www/stromsteel.loc/protected/modules/yupe/components/WebModule.php (1065)
in /home/roman/sites/www/stromsteel.loc/protected/modules/yupe/components/WebModule.php (1037)
2026/05/14 14:47:41 [trace] [system.caching.CFileCache] Serving "yii:dbquery:fetchAll:mysql:host=127.0.0.1;port=3306;dbname=stromtrade_stil:stromtrade_stil:
                    SELECT param_name, param_value
                        FROM yupe_yupe_settings
                        WHERE module_id = :module_id AND type = :type
                    :a:2:{s:10:":module_id";s:4:"yupe";s:5:":type";i:1;}" from cache
in /home/roman/sites/www/stromsteel.loc/protected/modules/yupe/components/WebModule.php (1065)
in /home/roman/sites/www/stromsteel.loc/protected/modules/yupe/components/WebModule.php (1037)
in /home/roman/sites/www/stromsteel.loc/protected/modules/yupe/components/urlManager/LangUrlManager.php (63)
2026/05/14 14:47:41 [trace] [system.db.CDbCommand] Query result found in cache
in /home/roman/sites/www/stromsteel.loc/protected/modules/yupe/components/WebModule.php (1065)
in /home/roman/sites/www/stromsteel.loc/protected/modules/yupe/components/WebModule.php (1037)
in /home/roman/sites/www/stromsteel.loc/protected/modules/yupe/components/urlManager/LangUrlManager.php (63)
2026/05/14 14:47:41 [trace] [system.caching.CFileCache] Serving "Yii.CUrlManager.rules" from cache
in /home/roman/sites/www/stromsteel.loc/protected/modules/yupe/components/urlManager/LangUrlManager.php (86)
in /home/roman/sites/www/stromsteel.loc/protected/modules/yupe/components/urlManager/LanguageBehavior.php (33)
in /home/roman/sites/www/stromsteel.loc/public_html/index.php (40)
2026/05/14 14:47:41 [trace] [system.CModule] Loading "log" application component
in /home/roman/sites/www/stromsteel.loc/public_html/index.php (40)
2026/05/14 14:47:41 [trace] [system.CModule] Loading "request" application component
in /home/roman/sites/www/stromsteel.loc/public_html/index.php (40)
2026/05/14 14:47:41 [trace] [system.CModule] Loading "securityManager" application component
in /home/roman/sites/www/stromsteel.loc/protected/modules/yupe/components/urlManager/LangUrlManager.php (167)
in /home/roman/sites/www/stromsteel.loc/protected/modules/yupe/components/urlManager/LangUrlManager.php (124)
in /home/roman/sites/www/stromsteel.loc/protected/modules/yupe/components/urlManager/LanguageBehavior.php (51)
2026/05/14 14:47:41 [trace] [system.CModule] Loading "statePersister" application component
in /home/roman/sites/www/stromsteel.loc/protected/modules/yupe/components/urlManager/LangUrlManager.php (167)
in /home/roman/sites/www/stromsteel.loc/protected/modules/yupe/components/urlManager/LangUrlManager.php (124)
in /home/roman/sites/www/stromsteel.loc/protected/modules/yupe/components/urlManager/LanguageBehavior.php (51)
2026/05/14 14:47:41 [trace] [system.caching.CFileCache] Serving "Yii.CStatePersister./home/roman/sites/www/stromsteel.loc/protected/runtime/state.bin" from cache
in /home/roman/sites/www/stromsteel.loc/protected/modules/yupe/components/urlManager/LangUrlManager.php (167)
in /home/roman/sites/www/stromsteel.loc/protected/modules/yupe/components/urlManager/LangUrlManager.php (124)
in /home/roman/sites/www/stromsteel.loc/protected/modules/yupe/components/urlManager/LanguageBehavior.php (51)
2026/05/14 14:47:41 [trace] [system.CModule] Loading "user" application component
in /home/roman/sites/www/stromsteel.loc/protected/modules/yupe/components/urlManager/LanguageBehavior.php (75)
in /home/roman/sites/www/stromsteel.loc/protected/modules/yupe/components/urlManager/LanguageBehavior.php (52)
in /home/roman/sites/www/stromsteel.loc/public_html/index.php (40)
2026/05/14 14:47:41 [trace] [system.CModule] Loading "session" application component
in /home/roman/sites/www/stromsteel.loc/protected/modules/yupe/components/urlManager/LanguageBehavior.php (75)
in /home/roman/sites/www/stromsteel.loc/protected/modules/yupe/components/urlManager/LanguageBehavior.php (52)
in /home/roman/sites/www/stromsteel.loc/public_html/index.php (40)
2026/05/14 14:47:41 [trace] [system.caching.CFileCache] Serving "page::slugs" from cache
in /home/roman/sites/www/stromsteel.loc/protected/modules/page/components/PageUrlRule.php (39)
in /home/roman/sites/www/stromsteel.loc/public_html/index.php (40)
2026/05/14 14:47:41 [trace] [system.base.CModule] Loading "store" module
in /home/roman/sites/www/stromsteel.loc/public_html/index.php (40)
2026/05/14 14:47:41 [trace] [system.db.CDbCommand] Querying SQL: 
                    SELECT param_name, param_value
                        FROM yupe_yupe_settings
                        WHERE module_id = :module_id AND type = :type
                    . Bound with :module_id='store', :type=1
in /home/roman/sites/www/stromsteel.loc/protected/modules/yupe/components/WebModule.php (1065)
in /home/roman/sites/www/stromsteel.loc/protected/modules/yupe/components/WebModule.php (1037)
in /home/roman/sites/www/stromsteel.loc/protected/modules/store/StoreModule.php (502)
2026/05/14 14:47:41 [trace] [system.caching.CFileCache] Serving "yii:dbquery:fetchAll:mysql:host=127.0.0.1;port=3306;dbname=stromtrade_stil:stromtrade_stil:
                    SELECT param_name, param_value
                        FROM yupe_yupe_settings
                        WHERE module_id = :module_id AND type = :type
                    :a:2:{s:10:":module_id";s:5:"store";s:5:":type";i:1;}" from cache
in /home/roman/sites/www/stromsteel.loc/protected/modules/yupe/components/WebModule.php (1065)
in /home/roman/sites/www/stromsteel.loc/protected/modules/yupe/components/WebModule.php (1037)
in /home/roman/sites/www/stromsteel.loc/protected/modules/store/StoreModule.php (502)
2026/05/14 14:47:41 [trace] [system.db.CDbCommand] Query result found in cache
in /home/roman/sites/www/stromsteel.loc/protected/modules/yupe/components/WebModule.php (1065)
in /home/roman/sites/www/stromsteel.loc/protected/modules/yupe/components/WebModule.php (1037)
in /home/roman/sites/www/stromsteel.loc/protected/modules/store/StoreModule.php (502)
2026/05/14 14:47:41 [trace] [system.CModule] Loading "eventManager" application component
in /home/roman/sites/www/stromsteel.loc/protected/modules/yupe/components/controllers/FrontController.php (37)
in /home/roman/sites/www/stromsteel.loc/protected/modules/store/controllers/CategoryController.php (30)
in /home/roman/sites/www/stromsteel.loc/public_html/index.php (40)
2026/05/14 14:47:41 [trace] [system.CModule] Loading "themeManager" application component
in /home/roman/sites/www/stromsteel.loc/protected/modules/yupe/components/controllers/FrontController.php (43)
in /home/roman/sites/www/stromsteel.loc/protected/modules/store/controllers/CategoryController.php (30)
in /home/roman/sites/www/stromsteel.loc/public_html/index.php (40)
2026/05/14 14:47:41 [trace] [system.CModule] Loading "assetManager" application component
in /home/roman/sites/www/stromsteel.loc/protected/modules/yupe/components/Theme.php (29)
in /home/roman/sites/www/stromsteel.loc/protected/modules/yupe/components/controllers/FrontController.php (43)
in /home/roman/sites/www/stromsteel.loc/protected/modules/store/controllers/CategoryController.php (30)
2026/05/14 14:47:41 [trace] [system.CModule] Loading "clientScript" application component
in /home/roman/sites/www/stromsteel.loc/themes/default/bootstrap.php (5)
in /home/roman/sites/www/stromsteel.loc/protected/modules/yupe/components/controllers/FrontController.php (48)
in /home/roman/sites/www/stromsteel.loc/protected/modules/store/controllers/CategoryController.php (30)
2026/05/14 14:47:41 [trace] [system.CModule] Loading "bootstrap" application component
in /home/roman/sites/www/stromsteel.loc/themes/default/bootstrap.php (7)
in /home/roman/sites/www/stromsteel.loc/protected/modules/yupe/components/controllers/FrontController.php (48)
in /home/roman/sites/www/stromsteel.loc/protected/modules/store/controllers/CategoryController.php (30)
2026/05/14 14:47:41 [trace] [system.CModule] Loading "productRepository" application component
in /home/roman/sites/www/stromsteel.loc/protected/modules/store/controllers/CategoryController.php (31)
in /home/roman/sites/www/stromsteel.loc/public_html/index.php (40)
2026/05/14 14:47:41 [trace] [system.CModule] Loading "attributesFilter" application component
in /home/roman/sites/www/stromsteel.loc/protected/modules/store/components/repository/ProductRepository.php (28)
in /home/roman/sites/www/stromsteel.loc/protected/modules/store/controllers/CategoryController.php (31)
in /home/roman/sites/www/stromsteel.loc/public_html/index.php (40)
2026/05/14 14:47:41 [trace] [system.CModule] Loading "categoryRepository" application component
in /home/roman/sites/www/stromsteel.loc/protected/modules/store/controllers/CategoryController.php (33)
in /home/roman/sites/www/stromsteel.loc/public_html/index.php (40)
2026/05/14 14:47:41 [trace] [system.CModule] Loading "uploadManager" application component
in /home/roman/sites/www/stromsteel.loc/protected/modules/yupe/components/behaviors/FileUploadBehavior.php (83)
in /home/roman/sites/www/stromsteel.loc/protected/modules/yupe/components/behaviors/ImageUploadBehavior.php (52)
in /home/roman/sites/www/stromsteel.loc/protected/modules/yupe/models/YModel.php (38)
2026/05/14 14:47:41 [trace] [system.caching.CFileCache] Serving "yii:dbschemamysql:host=127.0.0.1;port=3306;dbname=stromtrade_stil:stromtrade_stil:{{store_category}}" from cache
in /home/roman/sites/www/stromsteel.loc/protected/modules/yupe/components/behaviors/FileUploadBehavior.php (183)
in /home/roman/sites/www/stromsteel.loc/protected/modules/yupe/components/behaviors/FileUploadBehavior.php (85)
in /home/roman/sites/www/stromsteel.loc/protected/modules/yupe/components/behaviors/ImageUploadBehavior.php (52)
2026/05/14 14:47:41 [trace] [system.CModule] Loading "thumbnailer" application component
in /home/roman/sites/www/stromsteel.loc/protected/modules/yupe/components/behaviors/ImageUploadBehavior.php (54)
in /home/roman/sites/www/stromsteel.loc/protected/modules/yupe/models/YModel.php (38)
in /home/roman/sites/www/stromsteel.loc/protected/modules/store/models/StoreCategory.php (67)
2026/05/14 14:47:41 [trace] [system.db.ar.CActiveRecord] StoreCategory.findByPk()
in /home/roman/sites/www/stromsteel.loc/protected/modules/store/controllers/CategoryController.php (91)
in /home/roman/sites/www/stromsteel.loc/public_html/index.php (40)
2026/05/14 14:47:41 [trace] [system.db.CDbCommand] Querying SQL: SELECT * FROM `yupe_store_category` `t` WHERE `t`.`id`=91 LIMIT 1
in /home/roman/sites/www/stromsteel.loc/protected/modules/store/controllers/CategoryController.php (91)
in /home/roman/sites/www/stromsteel.loc/public_html/index.php (40)
2026/05/14 14:47:41 [profile] [system.db.CDbCommand.query] begin:system.db.CDbCommand.query(SELECT * FROM `yupe_store_category` `t` WHERE `t`.`id`=91 LIMIT 1)
2026/05/14 14:47:41 [profile] [system.db.CDbCommand.query] end:system.db.CDbCommand.query(SELECT * FROM `yupe_store_category` `t` WHERE `t`.`id`=91 LIMIT 1)
2026/05/14 14:47:41 [trace] [system.CModule] Loading "messages" application component
in /home/roman/sites/www/stromsteel.loc/protected/modules/store/models/StoreCategory.php (94)
in /home/roman/sites/www/stromsteel.loc/protected/modules/yupe/components/behaviors/FileUploadBehavior.php (112)
in /home/roman/sites/www/stromsteel.loc/protected/modules/yupe/components/behaviors/ImageUploadBehavior.php (52)
2026/05/14 14:47:41 [trace] [system.CModule] Loading "viewRenderer" application component
in /home/roman/sites/www/stromsteel.loc/protected/modules/store/controllers/CategoryController.php (100)
in /home/roman/sites/www/stromsteel.loc/public_html/index.php (40)
2026/05/14 14:47:41 [trace] [system.db.CDbCommand] Querying SQL: SELECT t.id, t.name, t.parent_id FROM `yupe_store_category` `t` ORDER BY t.sort
in /home/roman/sites/www/stromsteel.loc/protected/modules/store/components/behaviors/DCategoryTreeBehavior.php (48)
in /home/roman/sites/www/stromsteel.loc/protected/modules/store/models/StoreCategory.php (486)
in /home/roman/sites/www/stromsteel.loc/themes/default/views/store/category/modal.php (17)
2026/05/14 14:47:41 [trace] [system.caching.CFileCache] Serving "yii:dbquery:fetchAll:mysql:host=127.0.0.1;port=3306;dbname=stromtrade_stil:stromtrade_stil:SELECT t.id, t.name, t.parent_id FROM `yupe_store_category` `t` ORDER BY t.sort:a:0:{}" from cache
in /home/roman/sites/www/stromsteel.loc/protected/modules/store/components/behaviors/DCategoryTreeBehavior.php (48)
in /home/roman/sites/www/stromsteel.loc/protected/modules/store/models/StoreCategory.php (486)
in /home/roman/sites/www/stromsteel.loc/themes/default/views/store/category/modal.php (17)
2026/05/14 14:47:41 [trace] [system.db.CDbCommand] Query result found in cache
in /home/roman/sites/www/stromsteel.loc/protected/modules/store/components/behaviors/DCategoryTreeBehavior.php (48)
in /home/roman/sites/www/stromsteel.loc/protected/modules/store/models/StoreCategory.php (486)
in /home/roman/sites/www/stromsteel.loc/themes/default/views/store/category/modal.php (17)
2026/05/14 14:47:41 [trace] [system.db.CDbCommand] Querying SQL: SELECT *
FROM `yupe_store_product`
WHERE `category_id` IN ('92', '93', '94', '91')
in /home/roman/sites/www/stromsteel.loc/protected/modules/store/models/StoreCategory.php (491)
in /home/roman/sites/www/stromsteel.loc/themes/default/views/store/category/modal.php (17)
in /home/roman/sites/www/stromsteel.loc/protected/modules/store/controllers/CategoryController.php (100)
2026/05/14 14:47:41 [profile] [system.db.CDbCommand.query] begin:system.db.CDbCommand.query(SELECT *
FROM `yupe_store_product`
WHERE `category_id` IN ('92', '93', '94', '91'))
2026/05/14 14:47:41 [profile] [system.db.CDbCommand.query] end:system.db.CDbCommand.query(SELECT *
FROM `yupe_store_product`
WHERE `category_id` IN ('92', '93', '94', '91'))
2026/05/14 14:47:41 [trace] [system.caching.CFileCache] Serving "yii:dbschemamysql:host=127.0.0.1;port=3306;dbname=stromtrade_stil:stromtrade_stil:{{store_product}}" from cache
in /home/roman/sites/www/stromsteel.loc/protected/modules/yupe/components/behaviors/FileUploadBehavior.php (183)
in /home/roman/sites/www/stromsteel.loc/protected/modules/yupe/components/behaviors/FileUploadBehavior.php (85)
in /home/roman/sites/www/stromsteel.loc/protected/modules/yupe/components/behaviors/ImageUploadBehavior.php (52)
2026/05/14 14:47:41 [trace] [system.db.ar.CActiveRecord] Product.findAllByPk()
in /home/roman/sites/www/stromsteel.loc/themes/default/views/store/category/modal.php (18)
in /home/roman/sites/www/stromsteel.loc/protected/modules/store/controllers/CategoryController.php (100)
in /home/roman/sites/www/stromsteel.loc/public_html/index.php (40)
2026/05/14 14:47:41 [trace] [system.db.CDbCommand] Querying SQL: SELECT * FROM `yupe_store_product` `t` WHERE `t`.`id` IN (417, 418, 420, 421, 422, 423, 424, 425, 426, 427, 428, 419, 429, 430, 431, 432, 433, 434, 435, 436, 437)
in /home/roman/sites/www/stromsteel.loc/themes/default/views/store/category/modal.php (18)
in /home/roman/sites/www/stromsteel.loc/protected/modules/store/controllers/CategoryController.php (100)
in /home/roman/sites/www/stromsteel.loc/public_html/index.php (40)
2026/05/14 14:47:41 [profile] [system.db.CDbCommand.query] begin:system.db.CDbCommand.query(SELECT * FROM `yupe_store_product` `t` WHERE `t`.`id` IN (417, 418, 420, 421, 422, 423, 424, 425, 426, 427, 428, 419, 429, 430, 431, 432, 433, 434, 435, 436, 437))
2026/05/14 14:47:41 [profile] [system.db.CDbCommand.query] end:system.db.CDbCommand.query(SELECT * FROM `yupe_store_product` `t` WHERE `t`.`id` IN (417, 418, 420, 421, 422, 423, 424, 425, 426, 427, 428, 419, 429, 430, 431, 432, 433, 434, 435, 436, 437))
2026/05/14 14:47:41 [trace] [system.CModule] Loading "cart" application component
in /home/roman/sites/www/stromsteel.loc/protected/modules/store/models/Product.php (1401)
in /home/roman/sites/www/stromsteel.loc/themes/default/views/store/category/modal.php (24)
in /home/roman/sites/www/stromsteel.loc/protected/modules/store/controllers/CategoryController.php (100)
2026/05/14 14:47:41 [trace] [system.CModule] Loading "couponManager" application component
in /home/roman/sites/www/stromsteel.loc/protected/modules/cart/components/shopping-cart/EShoppingCart.php (58)
in /home/roman/sites/www/stromsteel.loc/protected/modules/store/models/Product.php (1401)
in /home/roman/sites/www/stromsteel.loc/themes/default/views/store/category/modal.php (24)
2026/05/14 14:47:41 [trace] [system.db.ar.CActiveRecord] lazy loading Product.category
in /home/roman/sites/www/stromsteel.loc/protected/modules/store/components/helpers/ProductHelper.php (19)
in /home/roman/sites/www/stromsteel.loc/themes/default/views/store/category/modal.php (29)
in /home/roman/sites/www/stromsteel.loc/protected/modules/store/controllers/CategoryController.php (100)
2026/05/14 14:47:41 [trace] [system.db.CDbCommand] Querying SQL: SELECT `category`.`id` AS `t1_c0`, `category`.`parent_id` AS `t1_c1`, `category`.`slug` AS `t1_c2`, `category`.`name` AS `t1_c3`, `category`.`image` AS `t1_c4`, `category`.`short_description` AS `t1_c5`, `category`.`description` AS `t1_c6`, `category`.`meta_title` AS `t1_c7`, `category`.`meta_description` AS `t1_c8`, `category`.`meta_keywords` AS `t1_c9`, `category`.`status` AS `t1_c10`, `category`.`sort` AS `t1_c11`, `category`.`external_id` AS `t1_c12`, `category`.`title` AS `t1_c13`, `category`.`meta_canonical` AS `t1_c14`, `category`.`image_alt` AS `t1_c15`, `category`.`image_title` AS `t1_c16`, `category`.`view` AS `t1_c17`, `category`.`is_home` AS `t1_c18`, `category`.`is_card_big` AS `t1_c19`, `category`.`thumbnale` AS `t1_c20`, `category`.`linked_id` AS `t1_c21`, `category`.`desc_title` AS `t1_c22`, `category`.`units` AS `t1_c23`, `category`.`sertificate` AS `t1_c24`, `category`.`svg_code` AS `t1_c25` FROM `yupe_store_category` `category`  WHERE (`category`.`id`=:ypl0). Bound with :ypl0='92'
in /home/roman/sites/www/stromsteel.loc/protected/modules/store/components/helpers/ProductHelper.php (19)
in /home/roman/sites/www/stromsteel.loc/themes/default/views/store/category/modal.php (29)
in /home/roman/sites/www/stromsteel.loc/protected/modules/store/controllers/CategoryController.php (100)
2026/05/14 14:47:41 [profile] [system.db.CDbCommand.query] begin:system.db.CDbCommand.query(SELECT `category`.`id` AS `t1_c0`, `category`.`parent_id` AS `t1_c1`, `category`.`slug` AS `t1_c2`, `category`.`name` AS `t1_c3`, `category`.`image` AS `t1_c4`, `category`.`short_description` AS `t1_c5`, `category`.`description` AS `t1_c6`, `category`.`meta_title` AS `t1_c7`, `category`.`meta_description` AS `t1_c8`, `category`.`meta_keywords` AS `t1_c9`, `category`.`status` AS `t1_c10`, `category`.`sort` AS `t1_c11`, `category`.`external_id` AS `t1_c12`, `category`.`title` AS `t1_c13`, `category`.`meta_canonical` AS `t1_c14`, `category`.`image_alt` AS `t1_c15`, `category`.`image_title` AS `t1_c16`, `category`.`view` AS `t1_c17`, `category`.`is_home` AS `t1_c18`, `category`.`is_card_big` AS `t1_c19`, `category`.`thumbnale` AS `t1_c20`, `category`.`linked_id` AS `t1_c21`, `category`.`desc_title` AS `t1_c22`, `category`.`units` AS `t1_c23`, `category`.`sertificate` AS `t1_c24`, `category`.`svg_code` AS `t1_c25` FROM `yupe_store_category` `category`  WHERE (`category`.`id`=:ypl0). Bound with :ypl0='92')
2026/05/14 14:47:41 [profile] [system.db.CDbCommand.query] end:system.db.CDbCommand.query(SELECT `category`.`id` AS `t1_c0`, `category`.`parent_id` AS `t1_c1`, `category`.`slug` AS `t1_c2`, `category`.`name` AS `t1_c3`, `category`.`image` AS `t1_c4`, `category`.`short_description` AS `t1_c5`, `category`.`description` AS `t1_c6`, `category`.`meta_title` AS `t1_c7`, `category`.`meta_description` AS `t1_c8`, `category`.`meta_keywords` AS `t1_c9`, `category`.`status` AS `t1_c10`, `category`.`sort` AS `t1_c11`, `category`.`external_id` AS `t1_c12`, `category`.`title` AS `t1_c13`, `category`.`meta_canonical` AS `t1_c14`, `category`.`image_alt` AS `t1_c15`, `category`.`image_title` AS `t1_c16`, `category`.`view` AS `t1_c17`, `category`.`is_home` AS `t1_c18`, `category`.`is_card_big` AS `t1_c19`, `category`.`thumbnale` AS `t1_c20`, `category`.`linked_id` AS `t1_c21`, `category`.`desc_title` AS `t1_c22`, `category`.`units` AS `t1_c23`, `category`.`sertificate` AS `t1_c24`, `category`.`svg_code` AS `t1_c25` FROM `yupe_store_category` `category`  WHERE (`category`.`id`=:ypl0). Bound with :ypl0='92')
2026/05/14 14:47:41 [trace] [system.db.ar.CActiveRecord] lazy loading StoreCategory.parent
in /home/roman/sites/www/stromsteel.loc/protected/modules/store/components/behaviors/DCategoryTreeBehavior.php (423)
in /home/roman/sites/www/stromsteel.loc/protected/modules/store/components/helpers/ProductHelper.php (20)
in /home/roman/sites/www/stromsteel.loc/themes/default/views/store/category/modal.php (29)
2026/05/14 14:47:41 [trace] [system.db.CDbCommand] Querying SQL: SELECT `parent`.`id` AS `t1_c0`, `parent`.`parent_id` AS `t1_c1`, `parent`.`slug` AS `t1_c2`, `parent`.`name` AS `t1_c3`, `parent`.`image` AS `t1_c4`, `parent`.`short_description` AS `t1_c5`, `parent`.`description` AS `t1_c6`, `parent`.`meta_title` AS `t1_c7`, `parent`.`meta_description` AS `t1_c8`, `parent`.`meta_keywords` AS `t1_c9`, `parent`.`status` AS `t1_c10`, `parent`.`sort` AS `t1_c11`, `parent`.`external_id` AS `t1_c12`, `parent`.`title` AS `t1_c13`, `parent`.`meta_canonical` AS `t1_c14`, `parent`.`image_alt` AS `t1_c15`, `parent`.`image_title` AS `t1_c16`, `parent`.`view` AS `t1_c17`, `parent`.`is_home` AS `t1_c18`, `parent`.`is_card_big` AS `t1_c19`, `parent`.`thumbnale` AS `t1_c20`, `parent`.`linked_id` AS `t1_c21`, `parent`.`desc_title` AS `t1_c22`, `parent`.`units` AS `t1_c23`, `parent`.`sertificate` AS `t1_c24`, `parent`.`svg_code` AS `t1_c25` FROM `yupe_store_category` `parent`  WHERE (`parent`.`id`=:ypl0). Bound with :ypl0='91'
in /home/roman/sites/www/stromsteel.loc/protected/modules/store/components/behaviors/DCategoryTreeBehavior.php (423)
in /home/roman/sites/www/stromsteel.loc/protected/modules/store/components/helpers/ProductHelper.php (20)
in /home/roman/sites/www/stromsteel.loc/themes/default/views/store/category/modal.php (29)
2026/05/14 14:47:41 [trace] [system.caching.CFileCache] Serving "yii:dbquery:fetchAll:mysql:host=127.0.0.1;port=3306;dbname=stromtrade_stil:stromtrade_stil:SELECT `parent`.`id` AS `t1_c0`, `parent`.`parent_id` AS `t1_c1`, `parent`.`slug` AS `t1_c2`, `parent`.`name` AS `t1_c3`, `parent`.`image` AS `t1_c4`, `parent`.`short_description` AS `t1_c5`, `parent`.`description` AS `t1_c6`, `parent`.`meta_title` AS `t1_c7`, `parent`.`meta_description` AS `t1_c8`, `parent`.`meta_keywords` AS `t1_c9`, `parent`.`status` AS `t1_c10`, `parent`.`sort` AS `t1_c11`, `parent`.`external_id` AS `t1_c12`, `parent`.`title` AS `t1_c13`, `parent`.`meta_canonical` AS `t1_c14`, `parent`.`image_alt` AS `t1_c15`, `parent`.`image_title` AS `t1_c16`, `parent`.`view` AS `t1_c17`, `parent`.`is_home` AS `t1_c18`, `parent`.`is_card_big` AS `t1_c19`, `parent`.`thumbnale` AS `t1_c20`, `parent`.`linked_id` AS `t1_c21`, `parent`.`desc_title` AS `t1_c22`, `parent`.`units` AS `t1_c23`, `parent`.`sertificate` AS `t1_c24`, `parent`.`svg_code` AS `t1_c25` FROM `yupe_store_category` `parent`  WHERE (`parent`.`id`=:ypl0):a:1:{s:5:":ypl0";s:2:"91";}" from cache
in /home/roman/sites/www/stromsteel.loc/protected/modules/store/components/behaviors/DCategoryTreeBehavior.php (423)
in /home/roman/sites/www/stromsteel.loc/protected/modules/store/components/helpers/ProductHelper.php (20)
in /home/roman/sites/www/stromsteel.loc/themes/default/views/store/category/modal.php (29)
2026/05/14 14:47:41 [trace] [system.db.CDbCommand] Query result found in cache
in /home/roman/sites/www/stromsteel.loc/protected/modules/store/components/behaviors/DCategoryTreeBehavior.php (423)
in /home/roman/sites/www/stromsteel.loc/protected/modules/store/components/helpers/ProductHelper.php (20)
in /home/roman/sites/www/stromsteel.loc/themes/default/views/store/category/modal.php (29)
2026/05/14 14:47:41 [trace] [system.db.ar.CActiveRecord] lazy loading StoreCategory.parent
in /home/roman/sites/www/stromsteel.loc/protected/modules/store/components/behaviors/DCategoryTreeBehavior.php (423)
in /home/roman/sites/www/stromsteel.loc/protected/modules/store/components/helpers/ProductHelper.php (20)
in /home/roman/sites/www/stromsteel.loc/themes/default/views/store/category/modal.php (29)
2026/05/14 14:47:41 [trace] [system.db.CDbCommand] Querying SQL: SELECT `parent`.`id` AS `t1_c0`, `parent`.`parent_id` AS `t1_c1`, `parent`.`slug` AS `t1_c2`, `parent`.`name` AS `t1_c3`, `parent`.`image` AS `t1_c4`, `parent`.`short_description` AS `t1_c5`, `parent`.`description` AS `t1_c6`, `parent`.`meta_title` AS `t1_c7`, `parent`.`meta_description` AS `t1_c8`, `parent`.`meta_keywords` AS `t1_c9`, `parent`.`status` AS `t1_c10`, `parent`.`sort` AS `t1_c11`, `parent`.`external_id` AS `t1_c12`, `parent`.`title` AS `t1_c13`, `parent`.`meta_canonical` AS `t1_c14`, `parent`.`image_alt` AS `t1_c15`, `parent`.`image_title` AS `t1_c16`, `parent`.`view` AS `t1_c17`, `parent`.`is_home` AS `t1_c18`, `parent`.`is_card_big` AS `t1_c19`, `parent`.`thumbnale` AS `t1_c20`, `parent`.`linked_id` AS `t1_c21`, `parent`.`desc_title` AS `t1_c22`, `parent`.`units` AS `t1_c23`, `parent`.`sertificate` AS `t1_c24`, `parent`.`svg_code` AS `t1_c25` FROM `yupe_store_category` `parent`  WHERE (`parent`.`id`=:ypl0). Bound with :ypl0=NULL
in /home/roman/sites/www/stromsteel.loc/protected/modules/store/components/behaviors/DCategoryTreeBehavior.php (423)
in /home/roman/sites/www/stromsteel.loc/protected/modules/store/components/helpers/ProductHelper.php (20)
in /home/roman/sites/www/stromsteel.loc/themes/default/views/store/category/modal.php (29)
2026/05/14 14:47:41 [trace] [system.caching.CFileCache] Serving "yii:dbquery:fetchAll:mysql:host=127.0.0.1;port=3306;dbname=stromtrade_stil:stromtrade_stil:SELECT `parent`.`id` AS `t1_c0`, `parent`.`parent_id` AS `t1_c1`, `parent`.`slug` AS `t1_c2`, `parent`.`name` AS `t1_c3`, `parent`.`image` AS `t1_c4`, `parent`.`short_description` AS `t1_c5`, `parent`.`description` AS `t1_c6`, `parent`.`meta_title` AS `t1_c7`, `parent`.`meta_description` AS `t1_c8`, `parent`.`meta_keywords` AS `t1_c9`, `parent`.`status` AS `t1_c10`, `parent`.`sort` AS `t1_c11`, `parent`.`external_id` AS `t1_c12`, `parent`.`title` AS `t1_c13`, `parent`.`meta_canonical` AS `t1_c14`, `parent`.`image_alt` AS `t1_c15`, `parent`.`image_title` AS `t1_c16`, `parent`.`view` AS `t1_c17`, `parent`.`is_home` AS `t1_c18`, `parent`.`is_card_big` AS `t1_c19`, `parent`.`thumbnale` AS `t1_c20`, `parent`.`linked_id` AS `t1_c21`, `parent`.`desc_title` AS `t1_c22`, `parent`.`units` AS `t1_c23`, `parent`.`sertificate` AS `t1_c24`, `parent`.`svg_code` AS `t1_c25` FROM `yupe_store_category` `parent`  WHERE (`parent`.`id`=:ypl0):a:1:{s:5:":ypl0";N;}" from cache
in /home/roman/sites/www/stromsteel.loc/protected/modules/store/components/behaviors/DCategoryTreeBehavior.php (423)
in /home/roman/sites/www/stromsteel.loc/protected/modules/store/components/helpers/ProductHelper.php (20)
in /home/roman/sites/www/stromsteel.loc/themes/default/views/store/category/modal.php (29)
2026/05/14 14:47:41 [trace] [system.db.CDbCommand] Query result found in cache
in /home/roman/sites/www/stromsteel.loc/protected/modules/store/components/behaviors/DCategoryTreeBehavior.php (423)
in /home/roman/sites/www/stromsteel.loc/protected/modules/store/components/helpers/ProductHelper.php (20)
in /home/roman/sites/www/stromsteel.loc/themes/default/views/store/category/modal.php (29)
2026/05/14 14:47:41 [trace] [system.db.ar.CActiveRecord] lazy loading Product.type
in /home/roman/sites/www/stromsteel.loc/protected/modules/store/models/Product.php (1140)
in /home/roman/sites/www/stromsteel.loc/themes/default/views/store/category/modal.php (83)
in /home/roman/sites/www/stromsteel.loc/protected/modules/store/controllers/CategoryController.php (100)
2026/05/14 14:47:41 [trace] [system.caching.CFileCache] Serving "yii:dbschemamysql:host=127.0.0.1;port=3306;dbname=stromtrade_stil:stromtrade_stil:{{store_type}}" from cache
in /home/roman/sites/www/stromsteel.loc/protected/modules/store/models/Product.php (1140)
in /home/roman/sites/www/stromsteel.loc/themes/default/views/store/category/modal.php (83)
in /home/roman/sites/www/stromsteel.loc/protected/modules/store/controllers/CategoryController.php (100)
2026/05/14 14:47:41 [trace] [system.db.CDbCommand] Querying SQL: SELECT `type`.`id` AS `t1_c0`, `type`.`name` AS `t1_c1` FROM `yupe_store_type` `type`  WHERE (`type`.`id`=:ypl0). Bound with :ypl0='14'
in /home/roman/sites/www/stromsteel.loc/protected/modules/store/models/Product.php (1140)
in /home/roman/sites/www/stromsteel.loc/themes/default/views/store/category/modal.php (83)
in /home/roman/sites/www/stromsteel.loc/protected/modules/store/controllers/CategoryController.php (100)
2026/05/14 14:47:41 [trace] [system.caching.CFileCache] Serving "yii:dbquery:fetchAll:mysql:host=127.0.0.1;port=3306;dbname=stromtrade_stil:stromtrade_stil:SELECT `type`.`id` AS `t1_c0`, `type`.`name` AS `t1_c1` FROM `yupe_store_type` `type`  WHERE (`type`.`id`=:ypl0):a:1:{s:5:":ypl0";s:2:"14";}" from cache
in /home/roman/sites/www/stromsteel.loc/protected/modules/store/models/Product.php (1140)
in /home/roman/sites/www/stromsteel.loc/themes/default/views/store/category/modal.php (83)
in /home/roman/sites/www/stromsteel.loc/protected/modules/store/controllers/CategoryController.php (100)
2026/05/14 14:47:41 [trace] [system.db.CDbCommand] Query result found in cache
in /home/roman/sites/www/stromsteel.loc/protected/modules/store/models/Product.php (1140)
in /home/roman/sites/www/stromsteel.loc/themes/default/views/store/category/modal.php (83)
in /home/roman/sites/www/stromsteel.loc/protected/modules/store/controllers/CategoryController.php (100)
2026/05/14 14:47:41 [trace] [system.db.ar.CActiveRecord] lazy loading Type.typeAttributes
in /home/roman/sites/www/stromsteel.loc/protected/modules/store/models/Type.php (146)
in /home/roman/sites/www/stromsteel.loc/protected/modules/store/models/Product.php (1144)
in /home/roman/sites/www/stromsteel.loc/themes/default/views/store/category/modal.php (83)
2026/05/14 14:47:41 [trace] [system.caching.CFileCache] Serving "yii:dbschemamysql:host=127.0.0.1;port=3306;dbname=stromtrade_stil:stromtrade_stil:{{store_attribute}}" from cache
in /home/roman/sites/www/stromsteel.loc/protected/modules/store/models/Type.php (146)
in /home/roman/sites/www/stromsteel.loc/protected/modules/store/models/Product.php (1144)
in /home/roman/sites/www/stromsteel.loc/themes/default/views/store/category/modal.php (83)
2026/05/14 14:47:41 [trace] [system.caching.CFileCache] Serving "yii:dbschemamysql:host=127.0.0.1;port=3306;dbname=stromtrade_stil:stromtrade_stil:{{store_type_attribute}}" from cache
in /home/roman/sites/www/stromsteel.loc/protected/modules/store/models/Type.php (146)
in /home/roman/sites/www/stromsteel.loc/protected/modules/store/models/Product.php (1144)
in /home/roman/sites/www/stromsteel.loc/themes/default/views/store/category/modal.php (83)
2026/05/14 14:47:41 [trace] [system.caching.CFileCache] Serving "yii:dbschemamysql:host=127.0.0.1;port=3306;dbname=stromtrade_stil:stromtrade_stil:{{store_attribute_group}}" from cache
in /home/roman/sites/www/stromsteel.loc/protected/modules/store/models/Type.php (146)
in /home/roman/sites/www/stromsteel.loc/protected/modules/store/models/Product.php (1144)
in /home/roman/sites/www/stromsteel.loc/themes/default/views/store/category/modal.php (83)
2026/05/14 14:47:41 [trace] [system.db.CDbCommand] Querying SQL: SELECT `typeAttributes`.`id` AS `t1_c0`, `typeAttributes`.`group_id` AS `t1_c1`, `typeAttributes`.`name` AS `t1_c2`, `typeAttributes`.`title` AS `t1_c3`, `typeAttributes`.`type` AS `t1_c4`, `typeAttributes`.`unit` AS `t1_c5`, `typeAttributes`.`required` AS `t1_c6`, `typeAttributes`.`sort` AS `t1_c7`, `typeAttributes`.`is_filter` AS `t1_c8`, `typeAttributes`.`description` AS `t1_c9`, `typeAttributes`.`is_visible` AS `t1_c10`, `typeAttributes`.`type_filter` AS `t1_c11`, `typeAttributes`.`is_typ` AS `t1_c12`, `group`.`id` AS `t3_c0`, `group`.`name` AS `t3_c1`, `group`.`position` AS `t3_c2` FROM `yupe_store_attribute` `typeAttributes`  LEFT OUTER JOIN `yupe_store_type_attribute` `attributeRelation` ON (`attributeRelation`.`attribute_id`=`typeAttributes`.`id`) LEFT OUTER JOIN `yupe_store_attribute_group` `group` ON (`typeAttributes`.`group_id`=`group`.`id`) WHERE (`attributeRelation`.`type_id`=:ypl0) ORDER BY group.position DESC, typeAttributes.sort ASC. Bound with :ypl0='14'
in /home/roman/sites/www/stromsteel.loc/protected/modules/store/models/Type.php (146)
in /home/roman/sites/www/stromsteel.loc/protected/modules/store/models/Product.php (1144)
in /home/roman/sites/www/stromsteel.loc/themes/default/views/store/category/modal.php (83)
2026/05/14 14:47:41 [profile] [system.db.CDbCommand.query] begin:system.db.CDbCommand.query(SELECT `typeAttributes`.`id` AS `t1_c0`, `typeAttributes`.`group_id` AS `t1_c1`, `typeAttributes`.`name` AS `t1_c2`, `typeAttributes`.`title` AS `t1_c3`, `typeAttributes`.`type` AS `t1_c4`, `typeAttributes`.`unit` AS `t1_c5`, `typeAttributes`.`required` AS `t1_c6`, `typeAttributes`.`sort` AS `t1_c7`, `typeAttributes`.`is_filter` AS `t1_c8`, `typeAttributes`.`description` AS `t1_c9`, `typeAttributes`.`is_visible` AS `t1_c10`, `typeAttributes`.`type_filter` AS `t1_c11`, `typeAttributes`.`is_typ` AS `t1_c12`, `group`.`id` AS `t3_c0`, `group`.`name` AS `t3_c1`, `group`.`position` AS `t3_c2` FROM `yupe_store_attribute` `typeAttributes`  LEFT OUTER JOIN `yupe_store_type_attribute` `attributeRelation` ON (`attributeRelation`.`attribute_id`=`typeAttributes`.`id`) LEFT OUTER JOIN `yupe_store_attribute_group` `group` ON (`typeAttributes`.`group_id`=`group`.`id`) WHERE (`attributeRelation`.`type_id`=:ypl0) ORDER BY group.position DESC, typeAttributes.sort ASC. Bound with :ypl0='14')
2026/05/14 14:47:41 [profile] [system.db.CDbCommand.query] end:system.db.CDbCommand.query(SELECT `typeAttributes`.`id` AS `t1_c0`, `typeAttributes`.`group_id` AS `t1_c1`, `typeAttributes`.`name` AS `t1_c2`, `typeAttributes`.`title` AS `t1_c3`, `typeAttributes`.`type` AS `t1_c4`, `typeAttributes`.`unit` AS `t1_c5`, `typeAttributes`.`required` AS `t1_c6`, `typeAttributes`.`sort` AS `t1_c7`, `typeAttributes`.`is_filter` AS `t1_c8`, `typeAttributes`.`description` AS `t1_c9`, `typeAttributes`.`is_visible` AS `t1_c10`, `typeAttributes`.`type_filter` AS `t1_c11`, `typeAttributes`.`is_typ` AS `t1_c12`, `group`.`id` AS `t3_c0`, `group`.`name` AS `t3_c1`, `group`.`position` AS `t3_c2` FROM `yupe_store_attribute` `typeAttributes`  LEFT OUTER JOIN `yupe_store_type_attribute` `attributeRelation` ON (`attributeRelation`.`attribute_id`=`typeAttributes`.`id`) LEFT OUTER JOIN `yupe_store_attribute_group` `group` ON (`typeAttributes`.`group_id`=`group`.`id`) WHERE (`attributeRelation`.`type_id`=:ypl0) ORDER BY group.position DESC, typeAttributes.sort ASC. Bound with :ypl0='14')
2026/05/14 14:47:41 [trace] [system.db.ar.CActiveRecord] lazy loading Product.attributesValues
in /home/roman/sites/www/stromsteel.loc/protected/modules/store/models/Product.php (782)
in /home/roman/sites/www/stromsteel.loc/protected/modules/store/models/Product.php (746)
in /home/roman/sites/www/stromsteel.loc/themes/default/views/store/category/modal.php (94)
2026/05/14 14:47:41 [trace] [system.caching.CFileCache] Serving "yii:dbschemamysql:host=127.0.0.1;port=3306;dbname=stromtrade_stil:stromtrade_stil:{{store_product_attribute_value}}" from cache
in /home/roman/sites/www/stromsteel.loc/protected/modules/yupe/components/behaviors/FileUploadBehavior.php (183)
in /home/roman/sites/www/stromsteel.loc/protected/modules/yupe/components/behaviors/FileUploadBehavior.php (85)
in /home/roman/sites/www/stromsteel.loc/protected/modules/store/models/Product.php (782)
2026/05/14 14:47:41 [trace] [system.db.CDbCommand] Querying SQL: SELECT `attributesValues`.`id` AS `t1_c0`, `attributesValues`.`product_id` AS `t1_c1`, `attributesValues`.`attribute_id` AS `t1_c2`, `attributesValues`.`number_value` AS `t1_c3`, `attributesValues`.`string_value` AS `t1_c4`, `attributesValues`.`text_value` AS `t1_c5`, `attributesValues`.`option_value` AS `t1_c6`, `attributesValues`.`create_time` AS `t1_c7`, `attr`.`id` AS `t2_c0`, `attr`.`group_id` AS `t2_c1`, `attr`.`name` AS `t2_c2`, `attr`.`title` AS `t2_c3`, `attr`.`type` AS `t2_c4`, `attr`.`unit` AS `t2_c5`, `attr`.`required` AS `t2_c6`, `attr`.`sort` AS `t2_c7`, `attr`.`is_filter` AS `t2_c8`, `attr`.`description` AS `t2_c9`, `attr`.`is_visible` AS `t2_c10`, `attr`.`type_filter` AS `t2_c11`, `attr`.`is_typ` AS `t2_c12` FROM `yupe_store_product_attribute_value` `attributesValues`  LEFT OUTER JOIN `yupe_store_attribute` `attr` ON (`attributesValues`.`attribute_id`=`attr`.`id`) WHERE (`attributesValues`.`product_id`=:ypl0). Bound with :ypl0='418'
in /home/roman/sites/www/stromsteel.loc/protected/modules/store/models/Product.php (782)
in /home/roman/sites/www/stromsteel.loc/protected/modules/store/models/Product.php (746)
in /home/roman/sites/www/stromsteel.loc/themes/default/views/store/category/modal.php (94)
2026/05/14 14:47:41 [profile] [system.db.CDbCommand.query] begin:system.db.CDbCommand.query(SELECT `attributesValues`.`id` AS `t1_c0`, `attributesValues`.`product_id` AS `t1_c1`, `attributesValues`.`attribute_id` AS `t1_c2`, `attributesValues`.`number_value` AS `t1_c3`, `attributesValues`.`string_value` AS `t1_c4`, `attributesValues`.`text_value` AS `t1_c5`, `attributesValues`.`option_value` AS `t1_c6`, `attributesValues`.`create_time` AS `t1_c7`, `attr`.`id` AS `t2_c0`, `attr`.`group_id` AS `t2_c1`, `attr`.`name` AS `t2_c2`, `attr`.`title` AS `t2_c3`, `attr`.`type` AS `t2_c4`, `attr`.`unit` AS `t2_c5`, `attr`.`required` AS `t2_c6`, `attr`.`sort` AS `t2_c7`, `attr`.`is_filter` AS `t2_c8`, `attr`.`description` AS `t2_c9`, `attr`.`is_visible` AS `t2_c10`, `attr`.`type_filter` AS `t2_c11`, `attr`.`is_typ` AS `t2_c12` FROM `yupe_store_product_attribute_value` `attributesValues`  LEFT OUTER JOIN `yupe_store_attribute` `attr` ON (`attributesValues`.`attribute_id`=`attr`.`id`) WHERE (`attributesValues`.`product_id`=:ypl0). Bound with :ypl0='418')
2026/05/14 14:47:41 [profile] [system.db.CDbCommand.query] end:system.db.CDbCommand.query(SELECT `attributesValues`.`id` AS `t1_c0`, `attributesValues`.`product_id` AS `t1_c1`, `attributesValues`.`attribute_id` AS `t1_c2`, `attributesValues`.`number_value` AS `t1_c3`, `attributesValues`.`string_value` AS `t1_c4`, `attributesValues`.`text_value` AS `t1_c5`, `attributesValues`.`option_value` AS `t1_c6`, `attributesValues`.`create_time` AS `t1_c7`, `attr`.`id` AS `t2_c0`, `attr`.`group_id` AS `t2_c1`, `attr`.`name` AS `t2_c2`, `attr`.`title` AS `t2_c3`, `attr`.`type` AS `t2_c4`, `attr`.`unit` AS `t2_c5`, `attr`.`required` AS `t2_c6`, `attr`.`sort` AS `t2_c7`, `attr`.`is_filter` AS `t2_c8`, `attr`.`description` AS `t2_c9`, `attr`.`is_visible` AS `t2_c10`, `attr`.`type_filter` AS `t2_c11`, `attr`.`is_typ` AS `t2_c12` FROM `yupe_store_product_attribute_value` `attributesValues`  LEFT OUTER JOIN `yupe_store_attribute` `attr` ON (`attributesValues`.`attribute_id`=`attr`.`id`) WHERE (`attributesValues`.`product_id`=:ypl0). Bound with :ypl0='418')
2026/05/14 14:47:41 [trace] [system.db.ar.CActiveRecord] lazy loading CAttribute.options
in /home/roman/sites/www/stromsteel.loc/protected/modules/store/components/AttributeRender.php (80)
in /home/roman/sites/www/stromsteel.loc/themes/default/views/store/category/modal.php (94)
in /home/roman/sites/www/stromsteel.loc/protected/modules/store/controllers/CategoryController.php (100)
2026/05/14 14:47:41 [trace] [system.caching.CFileCache] Serving "yii:dbschemamysql:host=127.0.0.1;port=3306;dbname=stromtrade_stil:stromtrade_stil:{{store_attribute_option}}" from cache
in /home/roman/sites/www/stromsteel.loc/protected/modules/store/components/AttributeRender.php (80)
in /home/roman/sites/www/stromsteel.loc/themes/default/views/store/category/modal.php (94)
in /home/roman/sites/www/stromsteel.loc/protected/modules/store/controllers/CategoryController.php (100)
2026/05/14 14:47:41 [trace] [system.db.CDbCommand] Querying SQL: SELECT `options`.`id` AS `t1_c0`, `options`.`attribute_id` AS `t1_c1`, `options`.`position` AS `t1_c2`, `options`.`value` AS `t1_c3`, `options`.`cat` AS `t1_c4`, `options`.`image` AS `t1_c5` FROM `yupe_store_attribute_option` `options`  WHERE (`options`.`attribute_id`=:ypl0) ORDER BY options.position ASC. Bound with :ypl0='107'
in /home/roman/sites/www/stromsteel.loc/protected/modules/store/components/AttributeRender.php (80)
in /home/roman/sites/www/stromsteel.loc/themes/default/views/store/category/modal.php (94)
in /home/roman/sites/www/stromsteel.loc/protected/modules/store/controllers/CategoryController.php (100)
2026/05/14 14:47:41 [profile] [system.db.CDbCommand.query] begin:system.db.CDbCommand.query(SELECT `options`.`id` AS `t1_c0`, `options`.`attribute_id` AS `t1_c1`, `options`.`position` AS `t1_c2`, `options`.`value` AS `t1_c3`, `options`.`cat` AS `t1_c4`, `options`.`image` AS `t1_c5` FROM `yupe_store_attribute_option` `options`  WHERE (`options`.`attribute_id`=:ypl0) ORDER BY options.position ASC. Bound with :ypl0='107')
2026/05/14 14:47:41 [profile] [system.db.CDbCommand.query] end:system.db.CDbCommand.query(SELECT `options`.`id` AS `t1_c0`, `options`.`attribute_id` AS `t1_c1`, `options`.`position` AS `t1_c2`, `options`.`value` AS `t1_c3`, `options`.`cat` AS `t1_c4`, `options`.`image` AS `t1_c5` FROM `yupe_store_attribute_option` `options`  WHERE (`options`.`attribute_id`=:ypl0) ORDER BY options.position ASC. Bound with :ypl0='107')
2026/05/14 14:47:41 [trace] [system.db.ar.CActiveRecord] lazy loading CAttribute.options
in /home/roman/sites/www/stromsteel.loc/protected/modules/store/components/AttributeRender.php (80)
in /home/roman/sites/www/stromsteel.loc/themes/default/views/store/category/modal.php (94)
in /home/roman/sites/www/stromsteel.loc/protected/modules/store/controllers/CategoryController.php (100)
2026/05/14 14:47:41 [trace] [system.db.CDbCommand] Querying SQL: SELECT `options`.`id` AS `t1_c0`, `options`.`attribute_id` AS `t1_c1`, `options`.`position` AS `t1_c2`, `options`.`value` AS `t1_c3`, `options`.`cat` AS `t1_c4`, `options`.`image` AS `t1_c5` FROM `yupe_store_attribute_option` `options`  WHERE (`options`.`attribute_id`=:ypl0) ORDER BY options.position ASC. Bound with :ypl0='108'
in /home/roman/sites/www/stromsteel.loc/protected/modules/store/components/AttributeRender.php (80)
in /home/roman/sites/www/stromsteel.loc/themes/default/views/store/category/modal.php (94)
in /home/roman/sites/www/stromsteel.loc/protected/modules/store/controllers/CategoryController.php (100)
2026/05/14 14:47:41 [profile] [system.db.CDbCommand.query] begin:system.db.CDbCommand.query(SELECT `options`.`id` AS `t1_c0`, `options`.`attribute_id` AS `t1_c1`, `options`.`position` AS `t1_c2`, `options`.`value` AS `t1_c3`, `options`.`cat` AS `t1_c4`, `options`.`image` AS `t1_c5` FROM `yupe_store_attribute_option` `options`  WHERE (`options`.`attribute_id`=:ypl0) ORDER BY options.position ASC. Bound with :ypl0='108')
2026/05/14 14:47:41 [profile] [system.db.CDbCommand.query] end:system.db.CDbCommand.query(SELECT `options`.`id` AS `t1_c0`, `options`.`attribute_id` AS `t1_c1`, `options`.`position` AS `t1_c2`, `options`.`value` AS `t1_c3`, `options`.`cat` AS `t1_c4`, `options`.`image` AS `t1_c5` FROM `yupe_store_attribute_option` `options`  WHERE (`options`.`attribute_id`=:ypl0) ORDER BY options.position ASC. Bound with :ypl0='108')
2026/05/14 14:47:41 [trace] [system.db.ar.CActiveRecord] lazy loading CAttribute.options
in /home/roman/sites/www/stromsteel.loc/protected/modules/store/components/AttributeRender.php (80)
in /home/roman/sites/www/stromsteel.loc/themes/default/views/store/category/modal.php (94)
in /home/roman/sites/www/stromsteel.loc/protected/modules/store/controllers/CategoryController.php (100)
2026/05/14 14:47:41 [trace] [system.db.CDbCommand] Querying SQL: SELECT `options`.`id` AS `t1_c0`, `options`.`attribute_id` AS `t1_c1`, `options`.`position` AS `t1_c2`, `options`.`value` AS `t1_c3`, `options`.`cat` AS `t1_c4`, `options`.`image` AS `t1_c5` FROM `yupe_store_attribute_option` `options`  WHERE (`options`.`attribute_id`=:ypl0) ORDER BY options.position ASC. Bound with :ypl0='109'
in /home/roman/sites/www/stromsteel.loc/protected/modules/store/components/AttributeRender.php (80)
in /home/roman/sites/www/stromsteel.loc/themes/default/views/store/category/modal.php (94)
in /home/roman/sites/www/stromsteel.loc/protected/modules/store/controllers/CategoryController.php (100)
2026/05/14 14:47:41 [profile] [system.db.CDbCommand.query] begin:system.db.CDbCommand.query(SELECT `options`.`id` AS `t1_c0`, `options`.`attribute_id` AS `t1_c1`, `options`.`position` AS `t1_c2`, `options`.`value` AS `t1_c3`, `options`.`cat` AS `t1_c4`, `options`.`image` AS `t1_c5` FROM `yupe_store_attribute_option` `options`  WHERE (`options`.`attribute_id`=:ypl0) ORDER BY options.position ASC. Bound with :ypl0='109')
2026/05/14 14:47:41 [profile] [system.db.CDbCommand.query] end:system.db.CDbCommand.query(SELECT `options`.`id` AS `t1_c0`, `options`.`attribute_id` AS `t1_c1`, `options`.`position` AS `t1_c2`, `options`.`value` AS `t1_c3`, `options`.`cat` AS `t1_c4`, `options`.`image` AS `t1_c5` FROM `yupe_store_attribute_option` `options`  WHERE (`options`.`attribute_id`=:ypl0) ORDER BY options.position ASC. Bound with :ypl0='109')
2026/05/14 14:47:41 [trace] [system.db.ar.CActiveRecord] lazy loading CAttribute.options
in /home/roman/sites/www/stromsteel.loc/protected/modules/store/components/AttributeRender.php (80)
in /home/roman/sites/www/stromsteel.loc/themes/default/views/store/category/modal.php (94)
in /home/roman/sites/www/stromsteel.loc/protected/modules/store/controllers/CategoryController.php (100)
2026/05/14 14:47:41 [trace] [system.db.CDbCommand] Querying SQL: SELECT `options`.`id` AS `t1_c0`, `options`.`attribute_id` AS `t1_c1`, `options`.`position` AS `t1_c2`, `options`.`value` AS `t1_c3`, `options`.`cat` AS `t1_c4`, `options`.`image` AS `t1_c5` FROM `yupe_store_attribute_option` `options`  WHERE (`options`.`attribute_id`=:ypl0) ORDER BY options.position ASC. Bound with :ypl0='110'
in /home/roman/sites/www/stromsteel.loc/protected/modules/store/components/AttributeRender.php (80)
in /home/roman/sites/www/stromsteel.loc/themes/default/views/store/category/modal.php (94)
in /home/roman/sites/www/stromsteel.loc/protected/modules/store/controllers/CategoryController.php (100)
2026/05/14 14:47:41 [profile] [system.db.CDbCommand.query] begin:system.db.CDbCommand.query(SELECT `options`.`id` AS `t1_c0`, `options`.`attribute_id` AS `t1_c1`, `options`.`position` AS `t1_c2`, `options`.`value` AS `t1_c3`, `options`.`cat` AS `t1_c4`, `options`.`image` AS `t1_c5` FROM `yupe_store_attribute_option` `options`  WHERE (`options`.`attribute_id`=:ypl0) ORDER BY options.position ASC. Bound with :ypl0='110')
2026/05/14 14:47:41 [profile] [system.db.CDbCommand.query] end:system.db.CDbCommand.query(SELECT `options`.`id` AS `t1_c0`, `options`.`attribute_id` AS `t1_c1`, `options`.`position` AS `t1_c2`, `options`.`value` AS `t1_c3`, `options`.`cat` AS `t1_c4`, `options`.`image` AS `t1_c5` FROM `yupe_store_attribute_option` `options`  WHERE (`options`.`attribute_id`=:ypl0) ORDER BY options.position ASC. Bound with :ypl0='110')
2026/05/14 14:47:41 [trace] [system.db.ar.CActiveRecord] lazy loading CAttribute.options
in /home/roman/sites/www/stromsteel.loc/protected/modules/store/components/AttributeRender.php (80)
in /home/roman/sites/www/stromsteel.loc/themes/default/views/store/category/modal.php (94)
in /home/roman/sites/www/stromsteel.loc/protected/modules/store/controllers/CategoryController.php (100)
2026/05/14 14:47:41 [trace] [system.db.CDbCommand] Querying SQL: SELECT `options`.`id` AS `t1_c0`, `options`.`attribute_id` AS `t1_c1`, `options`.`position` AS `t1_c2`, `options`.`value` AS `t1_c3`, `options`.`cat` AS `t1_c4`, `options`.`image` AS `t1_c5` FROM `yupe_store_attribute_option` `options`  WHERE (`options`.`attribute_id`=:ypl0) ORDER BY options.position ASC. Bound with :ypl0='111'
in /home/roman/sites/www/stromsteel.loc/protected/modules/store/components/AttributeRender.php (80)
in /home/roman/sites/www/stromsteel.loc/themes/default/views/store/category/modal.php (94)
in /home/roman/sites/www/stromsteel.loc/protected/modules/store/controllers/CategoryController.php (100)
2026/05/14 14:47:41 [profile] [system.db.CDbCommand.query] begin:system.db.CDbCommand.query(SELECT `options`.`id` AS `t1_c0`, `options`.`attribute_id` AS `t1_c1`, `options`.`position` AS `t1_c2`, `options`.`value` AS `t1_c3`, `options`.`cat` AS `t1_c4`, `options`.`image` AS `t1_c5` FROM `yupe_store_attribute_option` `options`  WHERE (`options`.`attribute_id`=:ypl0) ORDER BY options.position ASC. Bound with :ypl0='111')
2026/05/14 14:47:41 [profile] [system.db.CDbCommand.query] end:system.db.CDbCommand.query(SELECT `options`.`id` AS `t1_c0`, `options`.`attribute_id` AS `t1_c1`, `options`.`position` AS `t1_c2`, `options`.`value` AS `t1_c3`, `options`.`cat` AS `t1_c4`, `options`.`image` AS `t1_c5` FROM `yupe_store_attribute_option` `options`  WHERE (`options`.`attribute_id`=:ypl0) ORDER BY options.position ASC. Bound with :ypl0='111')
2026/05/14 14:47:41 [trace] [system.db.ar.CActiveRecord] lazy loading CAttribute.options
in /home/roman/sites/www/stromsteel.loc/protected/modules/store/components/AttributeRender.php (80)
in /home/roman/sites/www/stromsteel.loc/themes/default/views/store/category/modal.php (94)
in /home/roman/sites/www/stromsteel.loc/protected/modules/store/controllers/CategoryController.php (100)
2026/05/14 14:47:41 [trace] [system.db.CDbCommand] Querying SQL: SELECT `options`.`id` AS `t1_c0`, `options`.`attribute_id` AS `t1_c1`, `options`.`position` AS `t1_c2`, `options`.`value` AS `t1_c3`, `options`.`cat` AS `t1_c4`, `options`.`image` AS `t1_c5` FROM `yupe_store_attribute_option` `options`  WHERE (`options`.`attribute_id`=:ypl0) ORDER BY options.position ASC. Bound with :ypl0='114'
in /home/roman/sites/www/stromsteel.loc/protected/modules/store/components/AttributeRender.php (80)
in /home/roman/sites/www/stromsteel.loc/themes/default/views/store/category/modal.php (94)
in /home/roman/sites/www/stromsteel.loc/protected/modules/store/controllers/CategoryController.php (100)
2026/05/14 14:47:41 [profile] [system.db.CDbCommand.query] begin:system.db.CDbCommand.query(SELECT `options`.`id` AS `t1_c0`, `options`.`attribute_id` AS `t1_c1`, `options`.`position` AS `t1_c2`, `options`.`value` AS `t1_c3`, `options`.`cat` AS `t1_c4`, `options`.`image` AS `t1_c5` FROM `yupe_store_attribute_option` `options`  WHERE (`options`.`attribute_id`=:ypl0) ORDER BY options.position ASC. Bound with :ypl0='114')
2026/05/14 14:47:41 [profile] [system.db.CDbCommand.query] end:system.db.CDbCommand.query(SELECT `options`.`id` AS `t1_c0`, `options`.`attribute_id` AS `t1_c1`, `options`.`position` AS `t1_c2`, `options`.`value` AS `t1_c3`, `options`.`cat` AS `t1_c4`, `options`.`image` AS `t1_c5` FROM `yupe_store_attribute_option` `options`  WHERE (`options`.`attribute_id`=:ypl0) ORDER BY options.position ASC. Bound with :ypl0='114')
2026/05/14 14:47:41 [trace] [system.db.ar.CActiveRecord] lazy loading CAttribute.options
in /home/roman/sites/www/stromsteel.loc/protected/modules/store/components/AttributeRender.php (80)
in /home/roman/sites/www/stromsteel.loc/themes/default/views/store/category/modal.php (86)
in /home/roman/sites/www/stromsteel.loc/protected/modules/store/controllers/CategoryController.php (100)
2026/05/14 14:47:41 [trace] [system.db.CDbCommand] Querying SQL: SELECT `options`.`id` AS `t1_c0`, `options`.`attribute_id` AS `t1_c1`, `options`.`position` AS `t1_c2`, `options`.`value` AS `t1_c3`, `options`.`cat` AS `t1_c4`, `options`.`image` AS `t1_c5` FROM `yupe_store_attribute_option` `options`  WHERE (`options`.`attribute_id`=:ypl0) ORDER BY options.position ASC. Bound with :ypl0='115'
in /home/roman/sites/www/stromsteel.loc/protected/modules/store/components/AttributeRender.php (80)
in /home/roman/sites/www/stromsteel.loc/themes/default/views/store/category/modal.php (86)
in /home/roman/sites/www/stromsteel.loc/protected/modules/store/controllers/CategoryController.php (100)
2026/05/14 14:47:41 [profile] [system.db.CDbCommand.query] begin:system.db.CDbCommand.query(SELECT `options`.`id` AS `t1_c0`, `options`.`attribute_id` AS `t1_c1`, `options`.`position` AS `t1_c2`, `options`.`value` AS `t1_c3`, `options`.`cat` AS `t1_c4`, `options`.`image` AS `t1_c5` FROM `yupe_store_attribute_option` `options`  WHERE (`options`.`attribute_id`=:ypl0) ORDER BY options.position ASC. Bound with :ypl0='115')
2026/05/14 14:47:41 [profile] [system.db.CDbCommand.query] end:system.db.CDbCommand.query(SELECT `options`.`id` AS `t1_c0`, `options`.`attribute_id` AS `t1_c1`, `options`.`position` AS `t1_c2`, `options`.`value` AS `t1_c3`, `options`.`cat` AS `t1_c4`, `options`.`image` AS `t1_c5` FROM `yupe_store_attribute_option` `options`  WHERE (`options`.`attribute_id`=:ypl0) ORDER BY options.position ASC. Bound with :ypl0='115')
2026/05/14 14:47:41 [trace] [system.CModule] Loading "widgetFactory" application component
in /home/roman/sites/www/stromsteel.loc/protected/modules/yupe/components/controllers/Controller.php (170)
in /home/roman/sites/www/stromsteel.loc/themes/default/views/store/category/modal.php (122)
in /home/roman/sites/www/stromsteel.loc/protected/modules/store/controllers/CategoryController.php (100)
2026/05/14 14:47:41 [trace] [system.CModule] Loading "favorite" application component
in /home/roman/sites/www/stromsteel.loc/protected/modules/favorite/widgets/FavoriteControl.php (35)
in /home/roman/sites/www/stromsteel.loc/protected/modules/yupe/components/controllers/Controller.php (170)
in /home/roman/sites/www/stromsteel.loc/themes/default/views/store/category/modal.php (122)
2026/05/14 14:47:41 [trace] [system.db.ar.CActiveRecord] lazy loading Product.category
in /home/roman/sites/www/stromsteel.loc/protected/modules/store/components/helpers/ProductHelper.php (19)
in /home/roman/sites/www/stromsteel.loc/themes/default/views/store/category/modal.php (29)
in /home/roman/sites/www/stromsteel.loc/protected/modules/store/controllers/CategoryController.php (100)
2026/05/14 14:47:41 [trace] [system.db.CDbCommand] Querying SQL: SELECT `category`.`id` AS `t1_c0`, `category`.`parent_id` AS `t1_c1`, `category`.`slug` AS `t1_c2`, `category`.`name` AS `t1_c3`, `category`.`image` AS `t1_c4`, `category`.`short_description` AS `t1_c5`, `category`.`description` AS `t1_c6`, `category`.`meta_title` AS `t1_c7`, `category`.`meta_description` AS `t1_c8`, `category`.`meta_keywords` AS `t1_c9`, `category`.`status` AS `t1_c10`, `category`.`sort` AS `t1_c11`, `category`.`external_id` AS `t1_c12`, `category`.`title` AS `t1_c13`, `category`.`meta_canonical` AS `t1_c14`, `category`.`image_alt` AS `t1_c15`, `category`.`image_title` AS `t1_c16`, `category`.`view` AS `t1_c17`, `category`.`is_home` AS `t1_c18`, `category`.`is_card_big` AS `t1_c19`, `category`.`thumbnale` AS `t1_c20`, `category`.`linked_id` AS `t1_c21`, `category`.`desc_title` AS `t1_c22`, `category`.`units` AS `t1_c23`, `category`.`sertificate` AS `t1_c24`, `category`.`svg_code` AS `t1_c25` FROM `yupe_store_category` `category`  WHERE (`category`.`id`=:ypl0). Bound with :ypl0='92'
in /home/roman/sites/www/stromsteel.loc/protected/modules/store/components/helpers/ProductHelper.php (19)
in /home/roman/sites/www/stromsteel.loc/themes/default/views/store/category/modal.php (29)
in /home/roman/sites/www/stromsteel.loc/protected/modules/store/controllers/CategoryController.php (100)
2026/05/14 14:47:41 [trace] [system.caching.CFileCache] Serving "yii:dbquery:fetchAll:mysql:host=127.0.0.1;port=3306;dbname=stromtrade_stil:stromtrade_stil:SELECT `category`.`id` AS `t1_c0`, `category`.`parent_id` AS `t1_c1`, `category`.`slug` AS `t1_c2`, `category`.`name` AS `t1_c3`, `category`.`image` AS `t1_c4`, `category`.`short_description` AS `t1_c5`, `category`.`description` AS `t1_c6`, `category`.`meta_title` AS `t1_c7`, `category`.`meta_description` AS `t1_c8`, `category`.`meta_keywords` AS `t1_c9`, `category`.`status` AS `t1_c10`, `category`.`sort` AS `t1_c11`, `category`.`external_id` AS `t1_c12`, `category`.`title` AS `t1_c13`, `category`.`meta_canonical` AS `t1_c14`, `category`.`image_alt` AS `t1_c15`, `category`.`image_title` AS `t1_c16`, `category`.`view` AS `t1_c17`, `category`.`is_home` AS `t1_c18`, `category`.`is_card_big` AS `t1_c19`, `category`.`thumbnale` AS `t1_c20`, `category`.`linked_id` AS `t1_c21`, `category`.`desc_title` AS `t1_c22`, `category`.`units` AS `t1_c23`, `category`.`sertificate` AS `t1_c24`, `category`.`svg_code` AS `t1_c25` FROM `yupe_store_category` `category`  WHERE (`category`.`id`=:ypl0):a:1:{s:5:":ypl0";s:2:"92";}" from cache
in /home/roman/sites/www/stromsteel.loc/protected/modules/store/components/helpers/ProductHelper.php (19)
in /home/roman/sites/www/stromsteel.loc/themes/default/views/store/category/modal.php (29)
in /home/roman/sites/www/stromsteel.loc/protected/modules/store/controllers/CategoryController.php (100)
2026/05/14 14:47:41 [trace] [system.db.CDbCommand] Query result found in cache
in /home/roman/sites/www/stromsteel.loc/protected/modules/store/components/helpers/ProductHelper.php (19)
in /home/roman/sites/www/stromsteel.loc/themes/default/views/store/category/modal.php (29)
in /home/roman/sites/www/stromsteel.loc/protected/modules/store/controllers/CategoryController.php (100)
2026/05/14 14:47:41 [trace] [system.db.ar.CActiveRecord] lazy loading StoreCategory.parent
in /home/roman/sites/www/stromsteel.loc/protected/modules/store/components/behaviors/DCategoryTreeBehavior.php (423)
in /home/roman/sites/www/stromsteel.loc/protected/modules/store/components/helpers/ProductHelper.php (20)
in /home/roman/sites/www/stromsteel.loc/themes/default/views/store/category/modal.php (29)
2026/05/14 14:47:41 [trace] [system.db.CDbCommand] Querying SQL: SELECT `parent`.`id` AS `t1_c0`, `parent`.`parent_id` AS `t1_c1`, `parent`.`slug` AS `t1_c2`, `parent`.`name` AS `t1_c3`, `parent`.`image` AS `t1_c4`, `parent`.`short_description` AS `t1_c5`, `parent`.`description` AS `t1_c6`, `parent`.`meta_title` AS `t1_c7`, `parent`.`meta_description` AS `t1_c8`, `parent`.`meta_keywords` AS `t1_c9`, `parent`.`status` AS `t1_c10`, `parent`.`sort` AS `t1_c11`, `parent`.`external_id` AS `t1_c12`, `parent`.`title` AS `t1_c13`, `parent`.`meta_canonical` AS `t1_c14`, `parent`.`image_alt` AS `t1_c15`, `parent`.`image_title` AS `t1_c16`, `parent`.`view` AS `t1_c17`, `parent`.`is_home` AS `t1_c18`, `parent`.`is_card_big` AS `t1_c19`, `parent`.`thumbnale` AS `t1_c20`, `parent`.`linked_id` AS `t1_c21`, `parent`.`desc_title` AS `t1_c22`, `parent`.`units` AS `t1_c23`, `parent`.`sertificate` AS `t1_c24`, `parent`.`svg_code` AS `t1_c25` FROM `yupe_store_category` `parent`  WHERE (`parent`.`id`=:ypl0). Bound with :ypl0='91'
in /home/roman/sites/www/stromsteel.loc/protected/modules/store/components/behaviors/DCategoryTreeBehavior.php (423)
in /home/roman/sites/www/stromsteel.loc/protected/modules/store/components/helpers/ProductHelper.php (20)
in /home/roman/sites/www/stromsteel.loc/themes/default/views/store/category/modal.php (29)
2026/05/14 14:47:41 [trace] [system.caching.CFileCache] Serving "yii:dbquery:fetchAll:mysql:host=127.0.0.1;port=3306;dbname=stromtrade_stil:stromtrade_stil:SELECT `parent`.`id` AS `t1_c0`, `parent`.`parent_id` AS `t1_c1`, `parent`.`slug` AS `t1_c2`, `parent`.`name` AS `t1_c3`, `parent`.`image` AS `t1_c4`, `parent`.`short_description` AS `t1_c5`, `parent`.`description` AS `t1_c6`, `parent`.`meta_title` AS `t1_c7`, `parent`.`meta_description` AS `t1_c8`, `parent`.`meta_keywords` AS `t1_c9`, `parent`.`status` AS `t1_c10`, `parent`.`sort` AS `t1_c11`, `parent`.`external_id` AS `t1_c12`, `parent`.`title` AS `t1_c13`, `parent`.`meta_canonical` AS `t1_c14`, `parent`.`image_alt` AS `t1_c15`, `parent`.`image_title` AS `t1_c16`, `parent`.`view` AS `t1_c17`, `parent`.`is_home` AS `t1_c18`, `parent`.`is_card_big` AS `t1_c19`, `parent`.`thumbnale` AS `t1_c20`, `parent`.`linked_id` AS `t1_c21`, `parent`.`desc_title` AS `t1_c22`, `parent`.`units` AS `t1_c23`, `parent`.`sertificate` AS `t1_c24`, `parent`.`svg_code` AS `t1_c25` FROM `yupe_store_category` `parent`  WHERE (`parent`.`id`=:ypl0):a:1:{s:5:":ypl0";s:2:"91";}" from cache
in /home/roman/sites/www/stromsteel.loc/protected/modules/store/components/behaviors/DCategoryTreeBehavior.php (423)
in /home/roman/sites/www/stromsteel.loc/protected/modules/store/components/helpers/ProductHelper.php (20)
in /home/roman/sites/www/stromsteel.loc/themes/default/views/store/category/modal.php (29)
2026/05/14 14:47:41 [trace] [system.db.CDbCommand] Query result found in cache
in /home/roman/sites/www/stromsteel.loc/protected/modules/store/components/behaviors/DCategoryTreeBehavior.php (423)
in /home/roman/sites/www/stromsteel.loc/protected/modules/store/components/helpers/ProductHelper.php (20)
in /home/roman/sites/www/stromsteel.loc/themes/default/views/store/category/modal.php (29)
2026/05/14 14:47:41 [trace] [system.db.ar.CActiveRecord] lazy loading StoreCategory.parent
in /home/roman/sites/www/stromsteel.loc/protected/modules/store/components/behaviors/DCategoryTreeBehavior.php (423)
in /home/roman/sites/www/stromsteel.loc/protected/modules/store/components/helpers/ProductHelper.php (20)
in /home/roman/sites/www/stromsteel.loc/themes/default/views/store/category/modal.php (29)
2026/05/14 14:47:41 [trace] [system.db.CDbCommand] Querying SQL: SELECT `parent`.`id` AS `t1_c0`, `parent`.`parent_id` AS `t1_c1`, `parent`.`slug` AS `t1_c2`, `parent`.`name` AS `t1_c3`, `parent`.`image` AS `t1_c4`, `parent`.`short_description` AS `t1_c5`, `parent`.`description` AS `t1_c6`, `parent`.`meta_title` AS `t1_c7`, `parent`.`meta_description` AS `t1_c8`, `parent`.`meta_keywords` AS `t1_c9`, `parent`.`status` AS `t1_c10`, `parent`.`sort` AS `t1_c11`, `parent`.`external_id` AS `t1_c12`, `parent`.`title` AS `t1_c13`, `parent`.`meta_canonical` AS `t1_c14`, `parent`.`image_alt` AS `t1_c15`, `parent`.`image_title` AS `t1_c16`, `parent`.`view` AS `t1_c17`, `parent`.`is_home` AS `t1_c18`, `parent`.`is_card_big` AS `t1_c19`, `parent`.`thumbnale` AS `t1_c20`, `parent`.`linked_id` AS `t1_c21`, `parent`.`desc_title` AS `t1_c22`, `parent`.`units` AS `t1_c23`, `parent`.`sertificate` AS `t1_c24`, `parent`.`svg_code` AS `t1_c25` FROM `yupe_store_category` `parent`  WHERE (`parent`.`id`=:ypl0). Bound with :ypl0=NULL
in /home/roman/sites/www/stromsteel.loc/protected/modules/store/components/behaviors/DCategoryTreeBehavior.php (423)
in /home/roman/sites/www/stromsteel.loc/protected/modules/store/components/helpers/ProductHelper.php (20)
in /home/roman/sites/www/stromsteel.loc/themes/default/views/store/category/modal.php (29)
2026/05/14 14:47:41 [trace] [system.caching.CFileCache] Serving "yii:dbquery:fetchAll:mysql:host=127.0.0.1;port=3306;dbname=stromtrade_stil:stromtrade_stil:SELECT `parent`.`id` AS `t1_c0`, `parent`.`parent_id` AS `t1_c1`, `parent`.`slug` AS `t1_c2`, `parent`.`name` AS `t1_c3`, `parent`.`image` AS `t1_c4`, `parent`.`short_description` AS `t1_c5`, `parent`.`description` AS `t1_c6`, `parent`.`meta_title` AS `t1_c7`, `parent`.`meta_description` AS `t1_c8`, `parent`.`meta_keywords` AS `t1_c9`, `parent`.`status` AS `t1_c10`, `parent`.`sort` AS `t1_c11`, `parent`.`external_id` AS `t1_c12`, `parent`.`title` AS `t1_c13`, `parent`.`meta_canonical` AS `t1_c14`, `parent`.`image_alt` AS `t1_c15`, `parent`.`image_title` AS `t1_c16`, `parent`.`view` AS `t1_c17`, `parent`.`is_home` AS `t1_c18`, `parent`.`is_card_big` AS `t1_c19`, `parent`.`thumbnale` AS `t1_c20`, `parent`.`linked_id` AS `t1_c21`, `parent`.`desc_title` AS `t1_c22`, `parent`.`units` AS `t1_c23`, `parent`.`sertificate` AS `t1_c24`, `parent`.`svg_code` AS `t1_c25` FROM `yupe_store_category` `parent`  WHERE (`parent`.`id`=:ypl0):a:1:{s:5:":ypl0";N;}" from cache
in /home/roman/sites/www/stromsteel.loc/protected/modules/store/components/behaviors/DCategoryTreeBehavior.php (423)
in /home/roman/sites/www/stromsteel.loc/protected/modules/store/components/helpers/ProductHelper.php (20)
in /home/roman/sites/www/stromsteel.loc/themes/default/views/store/category/modal.php (29)
2026/05/14 14:47:41 [trace] [system.db.CDbCommand] Query result found in cache
in /home/roman/sites/www/stromsteel.loc/protected/modules/store/components/behaviors/DCategoryTreeBehavior.php (423)
in /home/roman/sites/www/stromsteel.loc/protected/modules/store/components/helpers/ProductHelper.php (20)
in /home/roman/sites/www/stromsteel.loc/themes/default/views/store/category/modal.php (29)
2026/05/14 14:47:41 [trace] [system.db.ar.CActiveRecord] lazy loading Product.type
in /home/roman/sites/www/stromsteel.loc/protected/modules/store/models/Product.php (1140)
in /home/roman/sites/www/stromsteel.loc/themes/default/views/store/category/modal.php (83)
in /home/roman/sites/www/stromsteel.loc/protected/modules/store/controllers/CategoryController.php (100)
2026/05/14 14:47:41 [trace] [system.db.CDbCommand] Querying SQL: SELECT `type`.`id` AS `t1_c0`, `type`.`name` AS `t1_c1` FROM `yupe_store_type` `type`  WHERE (`type`.`id`=:ypl0). Bound with :ypl0='14'
in /home/roman/sites/www/stromsteel.loc/protected/modules/store/models/Product.php (1140)
in /home/roman/sites/www/stromsteel.loc/themes/default/views/store/category/modal.php (83)
in /home/roman/sites/www/stromsteel.loc/protected/modules/store/controllers/CategoryController.php (100)
2026/05/14 14:47:41 [trace] [system.caching.CFileCache] Serving "yii:dbquery:fetchAll:mysql:host=127.0.0.1;port=3306;dbname=stromtrade_stil:stromtrade_stil:SELECT `type`.`id` AS `t1_c0`, `type`.`name` AS `t1_c1` FROM `yupe_store_type` `type`  WHERE (`type`.`id`=:ypl0):a:1:{s:5:":ypl0";s:2:"14";}" from cache
in /home/roman/sites/www/stromsteel.loc/protected/modules/store/models/Product.php (1140)
in /home/roman/sites/www/stromsteel.loc/themes/default/views/store/category/modal.php (83)
in /home/roman/sites/www/stromsteel.loc/protected/modules/store/controllers/CategoryController.php (100)
2026/05/14 14:47:41 [trace] [system.db.CDbCommand] Query result found in cache
in /home/roman/sites/www/stromsteel.loc/protected/modules/store/models/Product.php (1140)
in /home/roman/sites/www/stromsteel.loc/themes/default/views/store/category/modal.php (83)
in /home/roman/sites/www/stromsteel.loc/protected/modules/store/controllers/CategoryController.php (100)
2026/05/14 14:47:41 [trace] [system.db.ar.CActiveRecord] lazy loading Type.typeAttributes
in /home/roman/sites/www/stromsteel.loc/protected/modules/store/models/Type.php (146)
in /home/roman/sites/www/stromsteel.loc/protected/modules/store/models/Product.php (1144)
in /home/roman/sites/www/stromsteel.loc/themes/default/views/store/category/modal.php (83)
2026/05/14 14:47:41 [trace] [system.db.CDbCommand] Querying SQL: SELECT `typeAttributes`.`id` AS `t1_c0`, `typeAttributes`.`group_id` AS `t1_c1`, `typeAttributes`.`name` AS `t1_c2`, `typeAttributes`.`title` AS `t1_c3`, `typeAttributes`.`type` AS `t1_c4`, `typeAttributes`.`unit` AS `t1_c5`, `typeAttributes`.`required` AS `t1_c6`, `typeAttributes`.`sort` AS `t1_c7`, `typeAttributes`.`is_filter` AS `t1_c8`, `typeAttributes`.`description` AS `t1_c9`, `typeAttributes`.`is_visible` AS `t1_c10`, `typeAttributes`.`type_filter` AS `t1_c11`, `typeAttributes`.`is_typ` AS `t1_c12`, `group`.`id` AS `t3_c0`, `group`.`name` AS `t3_c1`, `group`.`position` AS `t3_c2` FROM `yupe_store_attribute` `typeAttributes`  LEFT OUTER JOIN `yupe_store_type_attribute` `attributeRelation` ON (`attributeRelation`.`attribute_id`=`typeAttributes`.`id`) LEFT OUTER JOIN `yupe_store_attribute_group` `group` ON (`typeAttributes`.`group_id`=`group`.`id`) WHERE (`attributeRelation`.`type_id`=:ypl0) ORDER BY group.position DESC, typeAttributes.sort ASC. Bound with :ypl0='14'
in /home/roman/sites/www/stromsteel.loc/protected/modules/store/models/Type.php (146)
in /home/roman/sites/www/stromsteel.loc/protected/modules/store/models/Product.php (1144)
in /home/roman/sites/www/stromsteel.loc/themes/default/views/store/category/modal.php (83)
2026/05/14 14:47:41 [profile] [system.db.CDbCommand.query] begin:system.db.CDbCommand.query(SELECT `typeAttributes`.`id` AS `t1_c0`, `typeAttributes`.`group_id` AS `t1_c1`, `typeAttributes`.`name` AS `t1_c2`, `typeAttributes`.`title` AS `t1_c3`, `typeAttributes`.`type` AS `t1_c4`, `typeAttributes`.`unit` AS `t1_c5`, `typeAttributes`.`required` AS `t1_c6`, `typeAttributes`.`sort` AS `t1_c7`, `typeAttributes`.`is_filter` AS `t1_c8`, `typeAttributes`.`description` AS `t1_c9`, `typeAttributes`.`is_visible` AS `t1_c10`, `typeAttributes`.`type_filter` AS `t1_c11`, `typeAttributes`.`is_typ` AS `t1_c12`, `group`.`id` AS `t3_c0`, `group`.`name` AS `t3_c1`, `group`.`position` AS `t3_c2` FROM `yupe_store_attribute` `typeAttributes`  LEFT OUTER JOIN `yupe_store_type_attribute` `attributeRelation` ON (`attributeRelation`.`attribute_id`=`typeAttributes`.`id`) LEFT OUTER JOIN `yupe_store_attribute_group` `group` ON (`typeAttributes`.`group_id`=`group`.`id`) WHERE (`attributeRelation`.`type_id`=:ypl0) ORDER BY group.position DESC, typeAttributes.sort ASC. Bound with :ypl0='14')
2026/05/14 14:47:41 [profile] [system.db.CDbCommand.query] end:system.db.CDbCommand.query(SELECT `typeAttributes`.`id` AS `t1_c0`, `typeAttributes`.`group_id` AS `t1_c1`, `typeAttributes`.`name` AS `t1_c2`, `typeAttributes`.`title` AS `t1_c3`, `typeAttributes`.`type` AS `t1_c4`, `typeAttributes`.`unit` AS `t1_c5`, `typeAttributes`.`required` AS `t1_c6`, `typeAttributes`.`sort` AS `t1_c7`, `typeAttributes`.`is_filter` AS `t1_c8`, `typeAttributes`.`description` AS `t1_c9`, `typeAttributes`.`is_visible` AS `t1_c10`, `typeAttributes`.`type_filter` AS `t1_c11`, `typeAttributes`.`is_typ` AS `t1_c12`, `group`.`id` AS `t3_c0`, `group`.`name` AS `t3_c1`, `group`.`position` AS `t3_c2` FROM `yupe_store_attribute` `typeAttributes`  LEFT OUTER JOIN `yupe_store_type_attribute` `attributeRelation` ON (`attributeRelation`.`attribute_id`=`typeAttributes`.`id`) LEFT OUTER JOIN `yupe_store_attribute_group` `group` ON (`typeAttributes`.`group_id`=`group`.`id`) WHERE (`attributeRelation`.`type_id`=:ypl0) ORDER BY group.position DESC, typeAttributes.sort ASC. Bound with :ypl0='14')
2026/05/14 14:47:41 [trace] [system.db.ar.CActiveRecord] lazy loading Product.attributesValues
in /home/roman/sites/www/stromsteel.loc/protected/modules/store/models/Product.php (782)
in /home/roman/sites/www/stromsteel.loc/protected/modules/store/models/Product.php (746)
in /home/roman/sites/www/stromsteel.loc/themes/default/views/store/category/modal.php (94)
2026/05/14 14:47:41 [trace] [system.db.CDbCommand] Querying SQL: SELECT `attributesValues`.`id` AS `t1_c0`, `attributesValues`.`product_id` AS `t1_c1`, `attributesValues`.`attribute_id` AS `t1_c2`, `attributesValues`.`number_value` AS `t1_c3`, `attributesValues`.`string_value` AS `t1_c4`, `attributesValues`.`text_value` AS `t1_c5`, `attributesValues`.`option_value` AS `t1_c6`, `attributesValues`.`create_time` AS `t1_c7`, `attr`.`id` AS `t2_c0`, `attr`.`group_id` AS `t2_c1`, `attr`.`name` AS `t2_c2`, `attr`.`title` AS `t2_c3`, `attr`.`type` AS `t2_c4`, `attr`.`unit` AS `t2_c5`, `attr`.`required` AS `t2_c6`, `attr`.`sort` AS `t2_c7`, `attr`.`is_filter` AS `t2_c8`, `attr`.`description` AS `t2_c9`, `attr`.`is_visible` AS `t2_c10`, `attr`.`type_filter` AS `t2_c11`, `attr`.`is_typ` AS `t2_c12` FROM `yupe_store_product_attribute_value` `attributesValues`  LEFT OUTER JOIN `yupe_store_attribute` `attr` ON (`attributesValues`.`attribute_id`=`attr`.`id`) WHERE (`attributesValues`.`product_id`=:ypl0). Bound with :ypl0='423'
in /home/roman/sites/www/stromsteel.loc/protected/modules/store/models/Product.php (782)
in /home/roman/sites/www/stromsteel.loc/protected/modules/store/models/Product.php (746)
in /home/roman/sites/www/stromsteel.loc/themes/default/views/store/category/modal.php (94)
2026/05/14 14:47:41 [profile] [system.db.CDbCommand.query] begin:system.db.CDbCommand.query(SELECT `attributesValues`.`id` AS `t1_c0`, `attributesValues`.`product_id` AS `t1_c1`, `attributesValues`.`attribute_id` AS `t1_c2`, `attributesValues`.`number_value` AS `t1_c3`, `attributesValues`.`string_value` AS `t1_c4`, `attributesValues`.`text_value` AS `t1_c5`, `attributesValues`.`option_value` AS `t1_c6`, `attributesValues`.`create_time` AS `t1_c7`, `attr`.`id` AS `t2_c0`, `attr`.`group_id` AS `t2_c1`, `attr`.`name` AS `t2_c2`, `attr`.`title` AS `t2_c3`, `attr`.`type` AS `t2_c4`, `attr`.`unit` AS `t2_c5`, `attr`.`required` AS `t2_c6`, `attr`.`sort` AS `t2_c7`, `attr`.`is_filter` AS `t2_c8`, `attr`.`description` AS `t2_c9`, `attr`.`is_visible` AS `t2_c10`, `attr`.`type_filter` AS `t2_c11`, `attr`.`is_typ` AS `t2_c12` FROM `yupe_store_product_attribute_value` `attributesValues`  LEFT OUTER JOIN `yupe_store_attribute` `attr` ON (`attributesValues`.`attribute_id`=`attr`.`id`) WHERE (`attributesValues`.`product_id`=:ypl0). Bound with :ypl0='423')
2026/05/14 14:47:41 [profile] [system.db.CDbCommand.query] end:system.db.CDbCommand.query(SELECT `attributesValues`.`id` AS `t1_c0`, `attributesValues`.`product_id` AS `t1_c1`, `attributesValues`.`attribute_id` AS `t1_c2`, `attributesValues`.`number_value` AS `t1_c3`, `attributesValues`.`string_value` AS `t1_c4`, `attributesValues`.`text_value` AS `t1_c5`, `attributesValues`.`option_value` AS `t1_c6`, `attributesValues`.`create_time` AS `t1_c7`, `attr`.`id` AS `t2_c0`, `attr`.`group_id` AS `t2_c1`, `attr`.`name` AS `t2_c2`, `attr`.`title` AS `t2_c3`, `attr`.`type` AS `t2_c4`, `attr`.`unit` AS `t2_c5`, `attr`.`required` AS `t2_c6`, `attr`.`sort` AS `t2_c7`, `attr`.`is_filter` AS `t2_c8`, `attr`.`description` AS `t2_c9`, `attr`.`is_visible` AS `t2_c10`, `attr`.`type_filter` AS `t2_c11`, `attr`.`is_typ` AS `t2_c12` FROM `yupe_store_product_attribute_value` `attributesValues`  LEFT OUTER JOIN `yupe_store_attribute` `attr` ON (`attributesValues`.`attribute_id`=`attr`.`id`) WHERE (`attributesValues`.`product_id`=:ypl0). Bound with :ypl0='423')
2026/05/14 14:47:41 [trace] [system.db.ar.CActiveRecord] lazy loading CAttribute.options
in /home/roman/sites/www/stromsteel.loc/protected/modules/store/components/AttributeRender.php (80)
in /home/roman/sites/www/stromsteel.loc/themes/default/views/store/category/modal.php (94)
in /home/roman/sites/www/stromsteel.loc/protected/modules/store/controllers/CategoryController.php (100)
2026/05/14 14:47:41 [trace] [system.db.CDbCommand] Querying SQL: SELECT `options`.`id` AS `t1_c0`, `options`.`attribute_id` AS `t1_c1`, `options`.`position` AS `t1_c2`, `options`.`value` AS `t1_c3`, `options`.`cat` AS `t1_c4`, `options`.`image` AS `t1_c5` FROM `yupe_store_attribute_option` `options`  WHERE (`options`.`attribute_id`=:ypl0) ORDER BY options.position ASC. Bound with :ypl0='107'
in /home/roman/sites/www/stromsteel.loc/protected/modules/store/components/AttributeRender.php (80)
in /home/roman/sites/www/stromsteel.loc/themes/default/views/store/category/modal.php (94)
in /home/roman/sites/www/stromsteel.loc/protected/modules/store/controllers/CategoryController.php (100)
2026/05/14 14:47:41 [profile] [system.db.CDbCommand.query] begin:system.db.CDbCommand.query(SELECT `options`.`id` AS `t1_c0`, `options`.`attribute_id` AS `t1_c1`, `options`.`position` AS `t1_c2`, `options`.`value` AS `t1_c3`, `options`.`cat` AS `t1_c4`, `options`.`image` AS `t1_c5` FROM `yupe_store_attribute_option` `options`  WHERE (`options`.`attribute_id`=:ypl0) ORDER BY options.position ASC. Bound with :ypl0='107')
2026/05/14 14:47:41 [profile] [system.db.CDbCommand.query] end:system.db.CDbCommand.query(SELECT `options`.`id` AS `t1_c0`, `options`.`attribute_id` AS `t1_c1`, `options`.`position` AS `t1_c2`, `options`.`value` AS `t1_c3`, `options`.`cat` AS `t1_c4`, `options`.`image` AS `t1_c5` FROM `yupe_store_attribute_option` `options`  WHERE (`options`.`attribute_id`=:ypl0) ORDER BY options.position ASC. Bound with :ypl0='107')
2026/05/14 14:47:41 [trace] [system.db.ar.CActiveRecord] lazy loading CAttribute.options
in /home/roman/sites/www/stromsteel.loc/protected/modules/store/components/AttributeRender.php (80)
in /home/roman/sites/www/stromsteel.loc/themes/default/views/store/category/modal.php (94)
in /home/roman/sites/www/stromsteel.loc/protected/modules/store/controllers/CategoryController.php (100)
2026/05/14 14:47:41 [trace] [system.db.CDbCommand] Querying SQL: SELECT `options`.`id` AS `t1_c0`, `options`.`attribute_id` AS `t1_c1`, `options`.`position` AS `t1_c2`, `options`.`value` AS `t1_c3`, `options`.`cat` AS `t1_c4`, `options`.`image` AS `t1_c5` FROM `yupe_store_attribute_option` `options`  WHERE (`options`.`attribute_id`=:ypl0) ORDER BY options.position ASC. Bound with :ypl0='108'
in /home/roman/sites/www/stromsteel.loc/protected/modules/store/components/AttributeRender.php (80)
in /home/roman/sites/www/stromsteel.loc/themes/default/views/store/category/modal.php (94)
in /home/roman/sites/www/stromsteel.loc/protected/modules/store/controllers/CategoryController.php (100)
2026/05/14 14:47:41 [profile] [system.db.CDbCommand.query] begin:system.db.CDbCommand.query(SELECT `options`.`id` AS `t1_c0`, `options`.`attribute_id` AS `t1_c1`, `options`.`position` AS `t1_c2`, `options`.`value` AS `t1_c3`, `options`.`cat` AS `t1_c4`, `options`.`image` AS `t1_c5` FROM `yupe_store_attribute_option` `options`  WHERE (`options`.`attribute_id`=:ypl0) ORDER BY options.position ASC. Bound with :ypl0='108')
2026/05/14 14:47:41 [profile] [system.db.CDbCommand.query] end:system.db.CDbCommand.query(SELECT `options`.`id` AS `t1_c0`, `options`.`attribute_id` AS `t1_c1`, `options`.`position` AS `t1_c2`, `options`.`value` AS `t1_c3`, `options`.`cat` AS `t1_c4`, `options`.`image` AS `t1_c5` FROM `yupe_store_attribute_option` `options`  WHERE (`options`.`attribute_id`=:ypl0) ORDER BY options.position ASC. Bound with :ypl0='108')
2026/05/14 14:47:41 [trace] [system.db.ar.CActiveRecord] lazy loading CAttribute.options
in /home/roman/sites/www/stromsteel.loc/protected/modules/store/components/AttributeRender.php (80)
in /home/roman/sites/www/stromsteel.loc/themes/default/views/store/category/modal.php (94)
in /home/roman/sites/www/stromsteel.loc/protected/modules/store/controllers/CategoryController.php (100)
2026/05/14 14:47:41 [trace] [system.db.CDbCommand] Querying SQL: SELECT `options`.`id` AS `t1_c0`, `options`.`attribute_id` AS `t1_c1`, `options`.`position` AS `t1_c2`, `options`.`value` AS `t1_c3`, `options`.`cat` AS `t1_c4`, `options`.`image` AS `t1_c5` FROM `yupe_store_attribute_option` `options`  WHERE (`options`.`attribute_id`=:ypl0) ORDER BY options.position ASC. Bound with :ypl0='109'
in /home/roman/sites/www/stromsteel.loc/protected/modules/store/components/AttributeRender.php (80)
in /home/roman/sites/www/stromsteel.loc/themes/default/views/store/category/modal.php (94)
in /home/roman/sites/www/stromsteel.loc/protected/modules/store/controllers/CategoryController.php (100)
2026/05/14 14:47:41 [profile] [system.db.CDbCommand.query] begin:system.db.CDbCommand.query(SELECT `options`.`id` AS `t1_c0`, `options`.`attribute_id` AS `t1_c1`, `options`.`position` AS `t1_c2`, `options`.`value` AS `t1_c3`, `options`.`cat` AS `t1_c4`, `options`.`image` AS `t1_c5` FROM `yupe_store_attribute_option` `options`  WHERE (`options`.`attribute_id`=:ypl0) ORDER BY options.position ASC. Bound with :ypl0='109')
2026/05/14 14:47:41 [profile] [system.db.CDbCommand.query] end:system.db.CDbCommand.query(SELECT `options`.`id` AS `t1_c0`, `options`.`attribute_id` AS `t1_c1`, `options`.`position` AS `t1_c2`, `options`.`value` AS `t1_c3`, `options`.`cat` AS `t1_c4`, `options`.`image` AS `t1_c5` FROM `yupe_store_attribute_option` `options`  WHERE (`options`.`attribute_id`=:ypl0) ORDER BY options.position ASC. Bound with :ypl0='109')
2026/05/14 14:47:41 [trace] [system.db.ar.CActiveRecord] lazy loading CAttribute.options
in /home/roman/sites/www/stromsteel.loc/protected/modules/store/components/AttributeRender.php (80)
in /home/roman/sites/www/stromsteel.loc/themes/default/views/store/category/modal.php (94)
in /home/roman/sites/www/stromsteel.loc/protected/modules/store/controllers/CategoryController.php (100)
2026/05/14 14:47:41 [trace] [system.db.CDbCommand] Querying SQL: SELECT `options`.`id` AS `t1_c0`, `options`.`attribute_id` AS `t1_c1`, `options`.`position` AS `t1_c2`, `options`.`value` AS `t1_c3`, `options`.`cat` AS `t1_c4`, `options`.`image` AS `t1_c5` FROM `yupe_store_attribute_option` `options`  WHERE (`options`.`attribute_id`=:ypl0) ORDER BY options.position ASC. Bound with :ypl0='110'
in /home/roman/sites/www/stromsteel.loc/protected/modules/store/components/AttributeRender.php (80)
in /home/roman/sites/www/stromsteel.loc/themes/default/views/store/category/modal.php (94)
in /home/roman/sites/www/stromsteel.loc/protected/modules/store/controllers/CategoryController.php (100)
2026/05/14 14:47:41 [profile] [system.db.CDbCommand.query] begin:system.db.CDbCommand.query(SELECT `options`.`id` AS `t1_c0`, `options`.`attribute_id` AS `t1_c1`, `options`.`position` AS `t1_c2`, `options`.`value` AS `t1_c3`, `options`.`cat` AS `t1_c4`, `options`.`image` AS `t1_c5` FROM `yupe_store_attribute_option` `options`  WHERE (`options`.`attribute_id`=:ypl0) ORDER BY options.position ASC. Bound with :ypl0='110')
2026/05/14 14:47:41 [profile] [system.db.CDbCommand.query] end:system.db.CDbCommand.query(SELECT `options`.`id` AS `t1_c0`, `options`.`attribute_id` AS `t1_c1`, `options`.`position` AS `t1_c2`, `options`.`value` AS `t1_c3`, `options`.`cat` AS `t1_c4`, `options`.`image` AS `t1_c5` FROM `yupe_store_attribute_option` `options`  WHERE (`options`.`attribute_id`=:ypl0) ORDER BY options.position ASC. Bound with :ypl0='110')
2026/05/14 14:47:41 [trace] [system.db.ar.CActiveRecord] lazy loading CAttribute.options
in /home/roman/sites/www/stromsteel.loc/protected/modules/store/components/AttributeRender.php (80)
in /home/roman/sites/www/stromsteel.loc/themes/default/views/store/category/modal.php (94)
in /home/roman/sites/www/stromsteel.loc/protected/modules/store/controllers/CategoryController.php (100)
2026/05/14 14:47:41 [trace] [system.db.CDbCommand] Querying SQL: SELECT `options`.`id` AS `t1_c0`, `options`.`attribute_id` AS `t1_c1`, `options`.`position` AS `t1_c2`, `options`.`value` AS `t1_c3`, `options`.`cat` AS `t1_c4`, `options`.`image` AS `t1_c5` FROM `yupe_store_attribute_option` `options`  WHERE (`options`.`attribute_id`=:ypl0) ORDER BY options.position ASC. Bound with :ypl0='111'
in /home/roman/sites/www/stromsteel.loc/protected/modules/store/components/AttributeRender.php (80)
in /home/roman/sites/www/stromsteel.loc/themes/default/views/store/category/modal.php (94)
in /home/roman/sites/www/stromsteel.loc/protected/modules/store/controllers/CategoryController.php (100)
2026/05/14 14:47:41 [profile] [system.db.CDbCommand.query] begin:system.db.CDbCommand.query(SELECT `options`.`id` AS `t1_c0`, `options`.`attribute_id` AS `t1_c1`, `options`.`position` AS `t1_c2`, `options`.`value` AS `t1_c3`, `options`.`cat` AS `t1_c4`, `options`.`image` AS `t1_c5` FROM `yupe_store_attribute_option` `options`  WHERE (`options`.`attribute_id`=:ypl0) ORDER BY options.position ASC. Bound with :ypl0='111')
2026/05/14 14:47:41 [profile] [system.db.CDbCommand.query] end:system.db.CDbCommand.query(SELECT `options`.`id` AS `t1_c0`, `options`.`attribute_id` AS `t1_c1`, `options`.`position` AS `t1_c2`, `options`.`value` AS `t1_c3`, `options`.`cat` AS `t1_c4`, `options`.`image` AS `t1_c5` FROM `yupe_store_attribute_option` `options`  WHERE (`options`.`attribute_id`=:ypl0) ORDER BY options.position ASC. Bound with :ypl0='111')
2026/05/14 14:47:41 [trace] [system.db.ar.CActiveRecord] lazy loading CAttribute.options
in /home/roman/sites/www/stromsteel.loc/protected/modules/store/components/AttributeRender.php (80)
in /home/roman/sites/www/stromsteel.loc/themes/default/views/store/category/modal.php (94)
in /home/roman/sites/www/stromsteel.loc/protected/modules/store/controllers/CategoryController.php (100)
2026/05/14 14:47:41 [trace] [system.db.CDbCommand] Querying SQL: SELECT `options`.`id` AS `t1_c0`, `options`.`attribute_id` AS `t1_c1`, `options`.`position` AS `t1_c2`, `options`.`value` AS `t1_c3`, `options`.`cat` AS `t1_c4`, `options`.`image` AS `t1_c5` FROM `yupe_store_attribute_option` `options`  WHERE (`options`.`attribute_id`=:ypl0) ORDER BY options.position ASC. Bound with :ypl0='114'
in /home/roman/sites/www/stromsteel.loc/protected/modules/store/components/AttributeRender.php (80)
in /home/roman/sites/www/stromsteel.loc/themes/default/views/store/category/modal.php (94)
in /home/roman/sites/www/stromsteel.loc/protected/modules/store/controllers/CategoryController.php (100)
2026/05/14 14:47:41 [profile] [system.db.CDbCommand.query] begin:system.db.CDbCommand.query(SELECT `options`.`id` AS `t1_c0`, `options`.`attribute_id` AS `t1_c1`, `options`.`position` AS `t1_c2`, `options`.`value` AS `t1_c3`, `options`.`cat` AS `t1_c4`, `options`.`image` AS `t1_c5` FROM `yupe_store_attribute_option` `options`  WHERE (`options`.`attribute_id`=:ypl0) ORDER BY options.position ASC. Bound with :ypl0='114')
2026/05/14 14:47:41 [profile] [system.db.CDbCommand.query] end:system.db.CDbCommand.query(SELECT `options`.`id` AS `t1_c0`, `options`.`attribute_id` AS `t1_c1`, `options`.`position` AS `t1_c2`, `options`.`value` AS `t1_c3`, `options`.`cat` AS `t1_c4`, `options`.`image` AS `t1_c5` FROM `yupe_store_attribute_option` `options`  WHERE (`options`.`attribute_id`=:ypl0) ORDER BY options.position ASC. Bound with :ypl0='114')
2026/05/14 14:47:41 [trace] [system.db.ar.CActiveRecord] lazy loading CAttribute.options
in /home/roman/sites/www/stromsteel.loc/protected/modules/store/components/AttributeRender.php (80)
in /home/roman/sites/www/stromsteel.loc/themes/default/views/store/category/modal.php (86)
in /home/roman/sites/www/stromsteel.loc/protected/modules/store/controllers/CategoryController.php (100)
2026/05/14 14:47:41 [trace] [system.db.CDbCommand] Querying SQL: SELECT `options`.`id` AS `t1_c0`, `options`.`attribute_id` AS `t1_c1`, `options`.`position` AS `t1_c2`, `options`.`value` AS `t1_c3`, `options`.`cat` AS `t1_c4`, `options`.`image` AS `t1_c5` FROM `yupe_store_attribute_option` `options`  WHERE (`options`.`attribute_id`=:ypl0) ORDER BY options.position ASC. Bound with :ypl0='115'
in /home/roman/sites/www/stromsteel.loc/protected/modules/store/components/AttributeRender.php (80)
in /home/roman/sites/www/stromsteel.loc/themes/default/views/store/category/modal.php (86)
in /home/roman/sites/www/stromsteel.loc/protected/modules/store/controllers/CategoryController.php (100)
2026/05/14 14:47:41 [profile] [system.db.CDbCommand.query] begin:system.db.CDbCommand.query(SELECT `options`.`id` AS `t1_c0`, `options`.`attribute_id` AS `t1_c1`, `options`.`position` AS `t1_c2`, `options`.`value` AS `t1_c3`, `options`.`cat` AS `t1_c4`, `options`.`image` AS `t1_c5` FROM `yupe_store_attribute_option` `options`  WHERE (`options`.`attribute_id`=:ypl0) ORDER BY options.position ASC. Bound with :ypl0='115')
2026/05/14 14:47:41 [profile] [system.db.CDbCommand.query] end:system.db.CDbCommand.query(SELECT `options`.`id` AS `t1_c0`, `options`.`attribute_id` AS `t1_c1`, `options`.`position` AS `t1_c2`, `options`.`value` AS `t1_c3`, `options`.`cat` AS `t1_c4`, `options`.`image` AS `t1_c5` FROM `yupe_store_attribute_option` `options`  WHERE (`options`.`attribute_id`=:ypl0) ORDER BY options.position ASC. Bound with :ypl0='115')
2026/05/14 14:47:41 [trace] [system.db.ar.CActiveRecord] lazy loading Product.category
in /home/roman/sites/www/stromsteel.loc/protected/modules/store/components/helpers/ProductHelper.php (19)
in /home/roman/sites/www/stromsteel.loc/themes/default/views/store/category/modal.php (29)
in /home/roman/sites/www/stromsteel.loc/protected/modules/store/controllers/CategoryController.php (100)
2026/05/14 14:47:41 [trace] [system.db.CDbCommand] Querying SQL: SELECT `category`.`id` AS `t1_c0`, `category`.`parent_id` AS `t1_c1`, `category`.`slug` AS `t1_c2`, `category`.`name` AS `t1_c3`, `category`.`image` AS `t1_c4`, `category`.`short_description` AS `t1_c5`, `category`.`description` AS `t1_c6`, `category`.`meta_title` AS `t1_c7`, `category`.`meta_description` AS `t1_c8`, `category`.`meta_keywords` AS `t1_c9`, `category`.`status` AS `t1_c10`, `category`.`sort` AS `t1_c11`, `category`.`external_id` AS `t1_c12`, `category`.`title` AS `t1_c13`, `category`.`meta_canonical` AS `t1_c14`, `category`.`image_alt` AS `t1_c15`, `category`.`image_title` AS `t1_c16`, `category`.`view` AS `t1_c17`, `category`.`is_home` AS `t1_c18`, `category`.`is_card_big` AS `t1_c19`, `category`.`thumbnale` AS `t1_c20`, `category`.`linked_id` AS `t1_c21`, `category`.`desc_title` AS `t1_c22`, `category`.`units` AS `t1_c23`, `category`.`sertificate` AS `t1_c24`, `category`.`svg_code` AS `t1_c25` FROM `yupe_store_category` `category`  WHERE (`category`.`id`=:ypl0). Bound with :ypl0='92'
in /home/roman/sites/www/stromsteel.loc/protected/modules/store/components/helpers/ProductHelper.php (19)
in /home/roman/sites/www/stromsteel.loc/themes/default/views/store/category/modal.php (29)
in /home/roman/sites/www/stromsteel.loc/protected/modules/store/controllers/CategoryController.php (100)
2026/05/14 14:47:41 [trace] [system.caching.CFileCache] Serving "yii:dbquery:fetchAll:mysql:host=127.0.0.1;port=3306;dbname=stromtrade_stil:stromtrade_stil:SELECT `category`.`id` AS `t1_c0`, `category`.`parent_id` AS `t1_c1`, `category`.`slug` AS `t1_c2`, `category`.`name` AS `t1_c3`, `category`.`image` AS `t1_c4`, `category`.`short_description` AS `t1_c5`, `category`.`description` AS `t1_c6`, `category`.`meta_title` AS `t1_c7`, `category`.`meta_description` AS `t1_c8`, `category`.`meta_keywords` AS `t1_c9`, `category`.`status` AS `t1_c10`, `category`.`sort` AS `t1_c11`, `category`.`external_id` AS `t1_c12`, `category`.`title` AS `t1_c13`, `category`.`meta_canonical` AS `t1_c14`, `category`.`image_alt` AS `t1_c15`, `category`.`image_title` AS `t1_c16`, `category`.`view` AS `t1_c17`, `category`.`is_home` AS `t1_c18`, `category`.`is_card_big` AS `t1_c19`, `category`.`thumbnale` AS `t1_c20`, `category`.`linked_id` AS `t1_c21`, `category`.`desc_title` AS `t1_c22`, `category`.`units` AS `t1_c23`, `category`.`sertificate` AS `t1_c24`, `category`.`svg_code` AS `t1_c25` FROM `yupe_store_category` `category`  WHERE (`category`.`id`=:ypl0):a:1:{s:5:":ypl0";s:2:"92";}" from cache
in /home/roman/sites/www/stromsteel.loc/protected/modules/store/components/helpers/ProductHelper.php (19)
in /home/roman/sites/www/stromsteel.loc/themes/default/views/store/category/modal.php (29)
in /home/roman/sites/www/stromsteel.loc/protected/modules/store/controllers/CategoryController.php (100)
2026/05/14 14:47:41 [trace] [system.db.CDbCommand] Query result found in cache
in /home/roman/sites/www/stromsteel.loc/protected/modules/store/components/helpers/ProductHelper.php (19)
in /home/roman/sites/www/stromsteel.loc/themes/default/views/store/category/modal.php (29)
in /home/roman/sites/www/stromsteel.loc/protected/modules/store/controllers/CategoryController.php (100)
2026/05/14 14:47:41 [trace] [system.db.ar.CActiveRecord] lazy loading StoreCategory.parent
in /home/roman/sites/www/stromsteel.loc/protected/modules/store/components/behaviors/DCategoryTreeBehavior.php (423)
in /home/roman/sites/www/stromsteel.loc/protected/modules/store/components/helpers/ProductHelper.php (20)
in /home/roman/sites/www/stromsteel.loc/themes/default/views/store/category/modal.php (29)
2026/05/14 14:47:41 [trace] [system.db.CDbCommand] Querying SQL: SELECT `parent`.`id` AS `t1_c0`, `parent`.`parent_id` AS `t1_c1`, `parent`.`slug` AS `t1_c2`, `parent`.`name` AS `t1_c3`, `parent`.`image` AS `t1_c4`, `parent`.`short_description` AS `t1_c5`, `parent`.`description` AS `t1_c6`, `parent`.`meta_title` AS `t1_c7`, `parent`.`meta_description` AS `t1_c8`, `parent`.`meta_keywords` AS `t1_c9`, `parent`.`status` AS `t1_c10`, `parent`.`sort` AS `t1_c11`, `parent`.`external_id` AS `t1_c12`, `parent`.`title` AS `t1_c13`, `parent`.`meta_canonical` AS `t1_c14`, `parent`.`image_alt` AS `t1_c15`, `parent`.`image_title` AS `t1_c16`, `parent`.`view` AS `t1_c17`, `parent`.`is_home` AS `t1_c18`, `parent`.`is_card_big` AS `t1_c19`, `parent`.`thumbnale` AS `t1_c20`, `parent`.`linked_id` AS `t1_c21`, `parent`.`desc_title` AS `t1_c22`, `parent`.`units` AS `t1_c23`, `parent`.`sertificate` AS `t1_c24`, `parent`.`svg_code` AS `t1_c25` FROM `yupe_store_category` `parent`  WHERE (`parent`.`id`=:ypl0). Bound with :ypl0='91'
in /home/roman/sites/www/stromsteel.loc/protected/modules/store/components/behaviors/DCategoryTreeBehavior.php (423)
in /home/roman/sites/www/stromsteel.loc/protected/modules/store/components/helpers/ProductHelper.php (20)
in /home/roman/sites/www/stromsteel.loc/themes/default/views/store/category/modal.php (29)
2026/05/14 14:47:41 [trace] [system.caching.CFileCache] Serving "yii:dbquery:fetchAll:mysql:host=127.0.0.1;port=3306;dbname=stromtrade_stil:stromtrade_stil:SELECT `parent`.`id` AS `t1_c0`, `parent`.`parent_id` AS `t1_c1`, `parent`.`slug` AS `t1_c2`, `parent`.`name` AS `t1_c3`, `parent`.`image` AS `t1_c4`, `parent`.`short_description` AS `t1_c5`, `parent`.`description` AS `t1_c6`, `parent`.`meta_title` AS `t1_c7`, `parent`.`meta_description` AS `t1_c8`, `parent`.`meta_keywords` AS `t1_c9`, `parent`.`status` AS `t1_c10`, `parent`.`sort` AS `t1_c11`, `parent`.`external_id` AS `t1_c12`, `parent`.`title` AS `t1_c13`, `parent`.`meta_canonical` AS `t1_c14`, `parent`.`image_alt` AS `t1_c15`, `parent`.`image_title` AS `t1_c16`, `parent`.`view` AS `t1_c17`, `parent`.`is_home` AS `t1_c18`, `parent`.`is_card_big` AS `t1_c19`, `parent`.`thumbnale` AS `t1_c20`, `parent`.`linked_id` AS `t1_c21`, `parent`.`desc_title` AS `t1_c22`, `parent`.`units` AS `t1_c23`, `parent`.`sertificate` AS `t1_c24`, `parent`.`svg_code` AS `t1_c25` FROM `yupe_store_category` `parent`  WHERE (`parent`.`id`=:ypl0):a:1:{s:5:":ypl0";s:2:"91";}" from cache
in /home/roman/sites/www/stromsteel.loc/protected/modules/store/components/behaviors/DCategoryTreeBehavior.php (423)
in /home/roman/sites/www/stromsteel.loc/protected/modules/store/components/helpers/ProductHelper.php (20)
in /home/roman/sites/www/stromsteel.loc/themes/default/views/store/category/modal.php (29)
2026/05/14 14:47:41 [trace] [system.db.CDbCommand] Query result found in cache
in /home/roman/sites/www/stromsteel.loc/protected/modules/store/components/behaviors/DCategoryTreeBehavior.php (423)
in /home/roman/sites/www/stromsteel.loc/protected/modules/store/components/helpers/ProductHelper.php (20)
in /home/roman/sites/www/stromsteel.loc/themes/default/views/store/category/modal.php (29)
2026/05/14 14:47:41 [trace] [system.db.ar.CActiveRecord] lazy loading StoreCategory.parent
in /home/roman/sites/www/stromsteel.loc/protected/modules/store/components/behaviors/DCategoryTreeBehavior.php (423)
in /home/roman/sites/www/stromsteel.loc/protected/modules/store/components/helpers/ProductHelper.php (20)
in /home/roman/sites/www/stromsteel.loc/themes/default/views/store/category/modal.php (29)
2026/05/14 14:47:41 [trace] [system.db.CDbCommand] Querying SQL: SELECT `parent`.`id` AS `t1_c0`, `parent`.`parent_id` AS `t1_c1`, `parent`.`slug` AS `t1_c2`, `parent`.`name` AS `t1_c3`, `parent`.`image` AS `t1_c4`, `parent`.`short_description` AS `t1_c5`, `parent`.`description` AS `t1_c6`, `parent`.`meta_title` AS `t1_c7`, `parent`.`meta_description` AS `t1_c8`, `parent`.`meta_keywords` AS `t1_c9`, `parent`.`status` AS `t1_c10`, `parent`.`sort` AS `t1_c11`, `parent`.`external_id` AS `t1_c12`, `parent`.`title` AS `t1_c13`, `parent`.`meta_canonical` AS `t1_c14`, `parent`.`image_alt` AS `t1_c15`, `parent`.`image_title` AS `t1_c16`, `parent`.`view` AS `t1_c17`, `parent`.`is_home` AS `t1_c18`, `parent`.`is_card_big` AS `t1_c19`, `parent`.`thumbnale` AS `t1_c20`, `parent`.`linked_id` AS `t1_c21`, `parent`.`desc_title` AS `t1_c22`, `parent`.`units` AS `t1_c23`, `parent`.`sertificate` AS `t1_c24`, `parent`.`svg_code` AS `t1_c25` FROM `yupe_store_category` `parent`  WHERE (`parent`.`id`=:ypl0). Bound with :ypl0=NULL
in /home/roman/sites/www/stromsteel.loc/protected/modules/store/components/behaviors/DCategoryTreeBehavior.php (423)
in /home/roman/sites/www/stromsteel.loc/protected/modules/store/components/helpers/ProductHelper.php (20)
in /home/roman/sites/www/stromsteel.loc/themes/default/views/store/category/modal.php (29)
2026/05/14 14:47:41 [trace] [system.caching.CFileCache] Serving "yii:dbquery:fetchAll:mysql:host=127.0.0.1;port=3306;dbname=stromtrade_stil:stromtrade_stil:SELECT `parent`.`id` AS `t1_c0`, `parent`.`parent_id` AS `t1_c1`, `parent`.`slug` AS `t1_c2`, `parent`.`name` AS `t1_c3`, `parent`.`image` AS `t1_c4`, `parent`.`short_description` AS `t1_c5`, `parent`.`description` AS `t1_c6`, `parent`.`meta_title` AS `t1_c7`, `parent`.`meta_description` AS `t1_c8`, `parent`.`meta_keywords` AS `t1_c9`, `parent`.`status` AS `t1_c10`, `parent`.`sort` AS `t1_c11`, `parent`.`external_id` AS `t1_c12`, `parent`.`title` AS `t1_c13`, `parent`.`meta_canonical` AS `t1_c14`, `parent`.`image_alt` AS `t1_c15`, `parent`.`image_title` AS `t1_c16`, `parent`.`view` AS `t1_c17`, `parent`.`is_home` AS `t1_c18`, `parent`.`is_card_big` AS `t1_c19`, `parent`.`thumbnale` AS `t1_c20`, `parent`.`linked_id` AS `t1_c21`, `parent`.`desc_title` AS `t1_c22`, `parent`.`units` AS `t1_c23`, `parent`.`sertificate` AS `t1_c24`, `parent`.`svg_code` AS `t1_c25` FROM `yupe_store_category` `parent`  WHERE (`parent`.`id`=:ypl0):a:1:{s:5:":ypl0";N;}" from cache
in /home/roman/sites/www/stromsteel.loc/protected/modules/store/components/behaviors/DCategoryTreeBehavior.php (423)
in /home/roman/sites/www/stromsteel.loc/protected/modules/store/components/helpers/ProductHelper.php (20)
in /home/roman/sites/www/stromsteel.loc/themes/default/views/store/category/modal.php (29)
2026/05/14 14:47:41 [trace] [system.db.CDbCommand] Query result found in cache
in /home/roman/sites/www/stromsteel.loc/protected/modules/store/components/behaviors/DCategoryTreeBehavior.php (423)
in /home/roman/sites/www/stromsteel.loc/protected/modules/store/components/helpers/ProductHelper.php (20)
in /home/roman/sites/www/stromsteel.loc/themes/default/views/store/category/modal.php (29)
2026/05/14 14:47:41 [trace] [system.db.ar.CActiveRecord] lazy loading Product.type
in /home/roman/sites/www/stromsteel.loc/protected/modules/store/models/Product.php (1140)
in /home/roman/sites/www/stromsteel.loc/themes/default/views/store/category/modal.php (83)
in /home/roman/sites/www/stromsteel.loc/protected/modules/store/controllers/CategoryController.php (100)
2026/05/14 14:47:41 [trace] [system.db.CDbCommand] Querying SQL: SELECT `type`.`id` AS `t1_c0`, `type`.`name` AS `t1_c1` FROM `yupe_store_type` `type`  WHERE (`type`.`id`=:ypl0). Bound with :ypl0='14'
in /home/roman/sites/www/stromsteel.loc/protected/modules/store/models/Product.php (1140)
in /home/roman/sites/www/stromsteel.loc/themes/default/views/store/category/modal.php (83)
in /home/roman/sites/www/stromsteel.loc/protected/modules/store/controllers/CategoryController.php (100)
2026/05/14 14:47:41 [trace] [system.caching.CFileCache] Serving "yii:dbquery:fetchAll:mysql:host=127.0.0.1;port=3306;dbname=stromtrade_stil:stromtrade_stil:SELECT `type`.`id` AS `t1_c0`, `type`.`name` AS `t1_c1` FROM `yupe_store_type` `type`  WHERE (`type`.`id`=:ypl0):a:1:{s:5:":ypl0";s:2:"14";}" from cache
in /home/roman/sites/www/stromsteel.loc/protected/modules/store/models/Product.php (1140)
in /home/roman/sites/www/stromsteel.loc/themes/default/views/store/category/modal.php (83)
in /home/roman/sites/www/stromsteel.loc/protected/modules/store/controllers/CategoryController.php (100)
2026/05/14 14:47:41 [trace] [system.db.CDbCommand] Query result found in cache
in /home/roman/sites/www/stromsteel.loc/protected/modules/store/models/Product.php (1140)
in /home/roman/sites/www/stromsteel.loc/themes/default/views/store/category/modal.php (83)
in /home/roman/sites/www/stromsteel.loc/protected/modules/store/controllers/CategoryController.php (100)
2026/05/14 14:47:41 [trace] [system.db.ar.CActiveRecord] lazy loading Type.typeAttributes
in /home/roman/sites/www/stromsteel.loc/protected/modules/store/models/Type.php (146)
in /home/roman/sites/www/stromsteel.loc/protected/modules/store/models/Product.php (1144)
in /home/roman/sites/www/stromsteel.loc/themes/default/views/store/category/modal.php (83)
2026/05/14 14:47:41 [trace] [system.db.CDbCommand] Querying SQL: SELECT `typeAttributes`.`id` AS `t1_c0`, `typeAttributes`.`group_id` AS `t1_c1`, `typeAttributes`.`name` AS `t1_c2`, `typeAttributes`.`title` AS `t1_c3`, `typeAttributes`.`type` AS `t1_c4`, `typeAttributes`.`unit` AS `t1_c5`, `typeAttributes`.`required` AS `t1_c6`, `typeAttributes`.`sort` AS `t1_c7`, `typeAttributes`.`is_filter` AS `t1_c8`, `typeAttributes`.`description` AS `t1_c9`, `typeAttributes`.`is_visible` AS `t1_c10`, `typeAttributes`.`type_filter` AS `t1_c11`, `typeAttributes`.`is_typ` AS `t1_c12`, `group`.`id` AS `t3_c0`, `group`.`name` AS `t3_c1`, `group`.`position` AS `t3_c2` FROM `yupe_store_attribute` `typeAttributes`  LEFT OUTER JOIN `yupe_store_type_attribute` `attributeRelation` ON (`attributeRelation`.`attribute_id`=`typeAttributes`.`id`) LEFT OUTER JOIN `yupe_store_attribute_group` `group` ON (`typeAttributes`.`group_id`=`group`.`id`) WHERE (`attributeRelation`.`type_id`=:ypl0) ORDER BY group.position DESC, typeAttributes.sort ASC. Bound with :ypl0='14'
in /home/roman/sites/www/stromsteel.loc/protected/modules/store/models/Type.php (146)
in /home/roman/sites/www/stromsteel.loc/protected/modules/store/models/Product.php (1144)
in /home/roman/sites/www/stromsteel.loc/themes/default/views/store/category/modal.php (83)
2026/05/14 14:47:41 [profile] [system.db.CDbCommand.query] begin:system.db.CDbCommand.query(SELECT `typeAttributes`.`id` AS `t1_c0`, `typeAttributes`.`group_id` AS `t1_c1`, `typeAttributes`.`name` AS `t1_c2`, `typeAttributes`.`title` AS `t1_c3`, `typeAttributes`.`type` AS `t1_c4`, `typeAttributes`.`unit` AS `t1_c5`, `typeAttributes`.`required` AS `t1_c6`, `typeAttributes`.`sort` AS `t1_c7`, `typeAttributes`.`is_filter` AS `t1_c8`, `typeAttributes`.`description` AS `t1_c9`, `typeAttributes`.`is_visible` AS `t1_c10`, `typeAttributes`.`type_filter` AS `t1_c11`, `typeAttributes`.`is_typ` AS `t1_c12`, `group`.`id` AS `t3_c0`, `group`.`name` AS `t3_c1`, `group`.`position` AS `t3_c2` FROM `yupe_store_attribute` `typeAttributes`  LEFT OUTER JOIN `yupe_store_type_attribute` `attributeRelation` ON (`attributeRelation`.`attribute_id`=`typeAttributes`.`id`) LEFT OUTER JOIN `yupe_store_attribute_group` `group` ON (`typeAttributes`.`group_id`=`group`.`id`) WHERE (`attributeRelation`.`type_id`=:ypl0) ORDER BY group.position DESC, typeAttributes.sort ASC. Bound with :ypl0='14')
2026/05/14 14:47:41 [profile] [system.db.CDbCommand.query] end:system.db.CDbCommand.query(SELECT `typeAttributes`.`id` AS `t1_c0`, `typeAttributes`.`group_id` AS `t1_c1`, `typeAttributes`.`name` AS `t1_c2`, `typeAttributes`.`title` AS `t1_c3`, `typeAttributes`.`type` AS `t1_c4`, `typeAttributes`.`unit` AS `t1_c5`, `typeAttributes`.`required` AS `t1_c6`, `typeAttributes`.`sort` AS `t1_c7`, `typeAttributes`.`is_filter` AS `t1_c8`, `typeAttributes`.`description` AS `t1_c9`, `typeAttributes`.`is_visible` AS `t1_c10`, `typeAttributes`.`type_filter` AS `t1_c11`, `typeAttributes`.`is_typ` AS `t1_c12`, `group`.`id` AS `t3_c0`, `group`.`name` AS `t3_c1`, `group`.`position` AS `t3_c2` FROM `yupe_store_attribute` `typeAttributes`  LEFT OUTER JOIN `yupe_store_type_attribute` `attributeRelation` ON (`attributeRelation`.`attribute_id`=`typeAttributes`.`id`) LEFT OUTER JOIN `yupe_store_attribute_group` `group` ON (`typeAttributes`.`group_id`=`group`.`id`) WHERE (`attributeRelation`.`type_id`=:ypl0) ORDER BY group.position DESC, typeAttributes.sort ASC. Bound with :ypl0='14')
2026/05/14 14:47:41 [trace] [system.db.ar.CActiveRecord] lazy loading Product.attributesValues
in /home/roman/sites/www/stromsteel.loc/protected/modules/store/models/Product.php (782)
in /home/roman/sites/www/stromsteel.loc/protected/modules/store/models/Product.php (746)
in /home/roman/sites/www/stromsteel.loc/themes/default/views/store/category/modal.php (94)
2026/05/14 14:47:41 [trace] [system.db.CDbCommand] Querying SQL: SELECT `attributesValues`.`id` AS `t1_c0`, `attributesValues`.`product_id` AS `t1_c1`, `attributesValues`.`attribute_id` AS `t1_c2`, `attributesValues`.`number_value` AS `t1_c3`, `attributesValues`.`string_value` AS `t1_c4`, `attributesValues`.`text_value` AS `t1_c5`, `attributesValues`.`option_value` AS `t1_c6`, `attributesValues`.`create_time` AS `t1_c7`, `attr`.`id` AS `t2_c0`, `attr`.`group_id` AS `t2_c1`, `attr`.`name` AS `t2_c2`, `attr`.`title` AS `t2_c3`, `attr`.`type` AS `t2_c4`, `attr`.`unit` AS `t2_c5`, `attr`.`required` AS `t2_c6`, `attr`.`sort` AS `t2_c7`, `attr`.`is_filter` AS `t2_c8`, `attr`.`description` AS `t2_c9`, `attr`.`is_visible` AS `t2_c10`, `attr`.`type_filter` AS `t2_c11`, `attr`.`is_typ` AS `t2_c12` FROM `yupe_store_product_attribute_value` `attributesValues`  LEFT OUTER JOIN `yupe_store_attribute` `attr` ON (`attributesValues`.`attribute_id`=`attr`.`id`) WHERE (`attributesValues`.`product_id`=:ypl0). Bound with :ypl0='425'
in /home/roman/sites/www/stromsteel.loc/protected/modules/store/models/Product.php (782)
in /home/roman/sites/www/stromsteel.loc/protected/modules/store/models/Product.php (746)
in /home/roman/sites/www/stromsteel.loc/themes/default/views/store/category/modal.php (94)
2026/05/14 14:47:41 [profile] [system.db.CDbCommand.query] begin:system.db.CDbCommand.query(SELECT `attributesValues`.`id` AS `t1_c0`, `attributesValues`.`product_id` AS `t1_c1`, `attributesValues`.`attribute_id` AS `t1_c2`, `attributesValues`.`number_value` AS `t1_c3`, `attributesValues`.`string_value` AS `t1_c4`, `attributesValues`.`text_value` AS `t1_c5`, `attributesValues`.`option_value` AS `t1_c6`, `attributesValues`.`create_time` AS `t1_c7`, `attr`.`id` AS `t2_c0`, `attr`.`group_id` AS `t2_c1`, `attr`.`name` AS `t2_c2`, `attr`.`title` AS `t2_c3`, `attr`.`type` AS `t2_c4`, `attr`.`unit` AS `t2_c5`, `attr`.`required` AS `t2_c6`, `attr`.`sort` AS `t2_c7`, `attr`.`is_filter` AS `t2_c8`, `attr`.`description` AS `t2_c9`, `attr`.`is_visible` AS `t2_c10`, `attr`.`type_filter` AS `t2_c11`, `attr`.`is_typ` AS `t2_c12` FROM `yupe_store_product_attribute_value` `attributesValues`  LEFT OUTER JOIN `yupe_store_attribute` `attr` ON (`attributesValues`.`attribute_id`=`attr`.`id`) WHERE (`attributesValues`.`product_id`=:ypl0). Bound with :ypl0='425')
2026/05/14 14:47:41 [profile] [system.db.CDbCommand.query] end:system.db.CDbCommand.query(SELECT `attributesValues`.`id` AS `t1_c0`, `attributesValues`.`product_id` AS `t1_c1`, `attributesValues`.`attribute_id` AS `t1_c2`, `attributesValues`.`number_value` AS `t1_c3`, `attributesValues`.`string_value` AS `t1_c4`, `attributesValues`.`text_value` AS `t1_c5`, `attributesValues`.`option_value` AS `t1_c6`, `attributesValues`.`create_time` AS `t1_c7`, `attr`.`id` AS `t2_c0`, `attr`.`group_id` AS `t2_c1`, `attr`.`name` AS `t2_c2`, `attr`.`title` AS `t2_c3`, `attr`.`type` AS `t2_c4`, `attr`.`unit` AS `t2_c5`, `attr`.`required` AS `t2_c6`, `attr`.`sort` AS `t2_c7`, `attr`.`is_filter` AS `t2_c8`, `attr`.`description` AS `t2_c9`, `attr`.`is_visible` AS `t2_c10`, `attr`.`type_filter` AS `t2_c11`, `attr`.`is_typ` AS `t2_c12` FROM `yupe_store_product_attribute_value` `attributesValues`  LEFT OUTER JOIN `yupe_store_attribute` `attr` ON (`attributesValues`.`attribute_id`=`attr`.`id`) WHERE (`attributesValues`.`product_id`=:ypl0). Bound with :ypl0='425')
2026/05/14 14:47:41 [trace] [system.db.ar.CActiveRecord] lazy loading CAttribute.options
in /home/roman/sites/www/stromsteel.loc/protected/modules/store/components/AttributeRender.php (80)
in /home/roman/sites/www/stromsteel.loc/themes/default/views/store/category/modal.php (94)
in /home/roman/sites/www/stromsteel.loc/protected/modules/store/controllers/CategoryController.php (100)
2026/05/14 14:47:41 [trace] [system.db.CDbCommand] Querying SQL: SELECT `options`.`id` AS `t1_c0`, `options`.`attribute_id` AS `t1_c1`, `options`.`position` AS `t1_c2`, `options`.`value` AS `t1_c3`, `options`.`cat` AS `t1_c4`, `options`.`image` AS `t1_c5` FROM `yupe_store_attribute_option` `options`  WHERE (`options`.`attribute_id`=:ypl0) ORDER BY options.position ASC. Bound with :ypl0='107'
in /home/roman/sites/www/stromsteel.loc/protected/modules/store/components/AttributeRender.php (80)
in /home/roman/sites/www/stromsteel.loc/themes/default/views/store/category/modal.php (94)
in /home/roman/sites/www/stromsteel.loc/protected/modules/store/controllers/CategoryController.php (100)
2026/05/14 14:47:41 [profile] [system.db.CDbCommand.query] begin:system.db.CDbCommand.query(SELECT `options`.`id` AS `t1_c0`, `options`.`attribute_id` AS `t1_c1`, `options`.`position` AS `t1_c2`, `options`.`value` AS `t1_c3`, `options`.`cat` AS `t1_c4`, `options`.`image` AS `t1_c5` FROM `yupe_store_attribute_option` `options`  WHERE (`options`.`attribute_id`=:ypl0) ORDER BY options.position ASC. Bound with :ypl0='107')
2026/05/14 14:47:41 [profile] [system.db.CDbCommand.query] end:system.db.CDbCommand.query(SELECT `options`.`id` AS `t1_c0`, `options`.`attribute_id` AS `t1_c1`, `options`.`position` AS `t1_c2`, `options`.`value` AS `t1_c3`, `options`.`cat` AS `t1_c4`, `options`.`image` AS `t1_c5` FROM `yupe_store_attribute_option` `options`  WHERE (`options`.`attribute_id`=:ypl0) ORDER BY options.position ASC. Bound with :ypl0='107')
2026/05/14 14:47:41 [trace] [system.db.ar.CActiveRecord] lazy loading CAttribute.options
in /home/roman/sites/www/stromsteel.loc/protected/modules/store/components/AttributeRender.php (80)
in /home/roman/sites/www/stromsteel.loc/themes/default/views/store/category/modal.php (94)
in /home/roman/sites/www/stromsteel.loc/protected/modules/store/controllers/CategoryController.php (100)
2026/05/14 14:47:41 [trace] [system.db.CDbCommand] Querying SQL: SELECT `options`.`id` AS `t1_c0`, `options`.`attribute_id` AS `t1_c1`, `options`.`position` AS `t1_c2`, `options`.`value` AS `t1_c3`, `options`.`cat` AS `t1_c4`, `options`.`image` AS `t1_c5` FROM `yupe_store_attribute_option` `options`  WHERE (`options`.`attribute_id`=:ypl0) ORDER BY options.position ASC. Bound with :ypl0='108'
in /home/roman/sites/www/stromsteel.loc/protected/modules/store/components/AttributeRender.php (80)
in /home/roman/sites/www/stromsteel.loc/themes/default/views/store/category/modal.php (94)
in /home/roman/sites/www/stromsteel.loc/protected/modules/store/controllers/CategoryController.php (100)
2026/05/14 14:47:41 [profile] [system.db.CDbCommand.query] begin:system.db.CDbCommand.query(SELECT `options`.`id` AS `t1_c0`, `options`.`attribute_id` AS `t1_c1`, `options`.`position` AS `t1_c2`, `options`.`value` AS `t1_c3`, `options`.`cat` AS `t1_c4`, `options`.`image` AS `t1_c5` FROM `yupe_store_attribute_option` `options`  WHERE (`options`.`attribute_id`=:ypl0) ORDER BY options.position ASC. Bound with :ypl0='108')
2026/05/14 14:47:41 [profile] [system.db.CDbCommand.query] end:system.db.CDbCommand.query(SELECT `options`.`id` AS `t1_c0`, `options`.`attribute_id` AS `t1_c1`, `options`.`position` AS `t1_c2`, `options`.`value` AS `t1_c3`, `options`.`cat` AS `t1_c4`, `options`.`image` AS `t1_c5` FROM `yupe_store_attribute_option` `options`  WHERE (`options`.`attribute_id`=:ypl0) ORDER BY options.position ASC. Bound with :ypl0='108')
2026/05/14 14:47:41 [trace] [system.db.ar.CActiveRecord] lazy loading CAttribute.options
in /home/roman/sites/www/stromsteel.loc/protected/modules/store/components/AttributeRender.php (80)
in /home/roman/sites/www/stromsteel.loc/themes/default/views/store/category/modal.php (94)
in /home/roman/sites/www/stromsteel.loc/protected/modules/store/controllers/CategoryController.php (100)
2026/05/14 14:47:41 [trace] [system.db.CDbCommand] Querying SQL: SELECT `options`.`id` AS `t1_c0`, `options`.`attribute_id` AS `t1_c1`, `options`.`position` AS `t1_c2`, `options`.`value` AS `t1_c3`, `options`.`cat` AS `t1_c4`, `options`.`image` AS `t1_c5` FROM `yupe_store_attribute_option` `options`  WHERE (`options`.`attribute_id`=:ypl0) ORDER BY options.position ASC. Bound with :ypl0='109'
in /home/roman/sites/www/stromsteel.loc/protected/modules/store/components/AttributeRender.php (80)
in /home/roman/sites/www/stromsteel.loc/themes/default/views/store/category/modal.php (94)
in /home/roman/sites/www/stromsteel.loc/protected/modules/store/controllers/CategoryController.php (100)
2026/05/14 14:47:41 [profile] [system.db.CDbCommand.query] begin:system.db.CDbCommand.query(SELECT `options`.`id` AS `t1_c0`, `options`.`attribute_id` AS `t1_c1`, `options`.`position` AS `t1_c2`, `options`.`value` AS `t1_c3`, `options`.`cat` AS `t1_c4`, `options`.`image` AS `t1_c5` FROM `yupe_store_attribute_option` `options`  WHERE (`options`.`attribute_id`=:ypl0) ORDER BY options.position ASC. Bound with :ypl0='109')
2026/05/14 14:47:41 [profile] [system.db.CDbCommand.query] end:system.db.CDbCommand.query(SELECT `options`.`id` AS `t1_c0`, `options`.`attribute_id` AS `t1_c1`, `options`.`position` AS `t1_c2`, `options`.`value` AS `t1_c3`, `options`.`cat` AS `t1_c4`, `options`.`image` AS `t1_c5` FROM `yupe_store_attribute_option` `options`  WHERE (`options`.`attribute_id`=:ypl0) ORDER BY options.position ASC. Bound with :ypl0='109')
2026/05/14 14:47:41 [trace] [system.db.ar.CActiveRecord] lazy loading CAttribute.options
in /home/roman/sites/www/stromsteel.loc/protected/modules/store/components/AttributeRender.php (80)
in /home/roman/sites/www/stromsteel.loc/themes/default/views/store/category/modal.php (94)
in /home/roman/sites/www/stromsteel.loc/protected/modules/store/controllers/CategoryController.php (100)
2026/05/14 14:47:41 [trace] [system.db.CDbCommand] Querying SQL: SELECT `options`.`id` AS `t1_c0`, `options`.`attribute_id` AS `t1_c1`, `options`.`position` AS `t1_c2`, `options`.`value` AS `t1_c3`, `options`.`cat` AS `t1_c4`, `options`.`image` AS `t1_c5` FROM `yupe_store_attribute_option` `options`  WHERE (`options`.`attribute_id`=:ypl0) ORDER BY options.position ASC. Bound with :ypl0='110'
in /home/roman/sites/www/stromsteel.loc/protected/modules/store/components/AttributeRender.php (80)
in /home/roman/sites/www/stromsteel.loc/themes/default/views/store/category/modal.php (94)
in /home/roman/sites/www/stromsteel.loc/protected/modules/store/controllers/CategoryController.php (100)
2026/05/14 14:47:41 [profile] [system.db.CDbCommand.query] begin:system.db.CDbCommand.query(SELECT `options`.`id` AS `t1_c0`, `options`.`attribute_id` AS `t1_c1`, `options`.`position` AS `t1_c2`, `options`.`value` AS `t1_c3`, `options`.`cat` AS `t1_c4`, `options`.`image` AS `t1_c5` FROM `yupe_store_attribute_option` `options`  WHERE (`options`.`attribute_id`=:ypl0) ORDER BY options.position ASC. Bound with :ypl0='110')
2026/05/14 14:47:41 [profile] [system.db.CDbCommand.query] end:system.db.CDbCommand.query(SELECT `options`.`id` AS `t1_c0`, `options`.`attribute_id` AS `t1_c1`, `options`.`position` AS `t1_c2`, `options`.`value` AS `t1_c3`, `options`.`cat` AS `t1_c4`, `options`.`image` AS `t1_c5` FROM `yupe_store_attribute_option` `options`  WHERE (`options`.`attribute_id`=:ypl0) ORDER BY options.position ASC. Bound with :ypl0='110')
2026/05/14 14:47:41 [trace] [system.db.ar.CActiveRecord] lazy loading CAttribute.options
in /home/roman/sites/www/stromsteel.loc/protected/modules/store/components/AttributeRender.php (80)
in /home/roman/sites/www/stromsteel.loc/themes/default/views/store/category/modal.php (94)
in /home/roman/sites/www/stromsteel.loc/protected/modules/store/controllers/CategoryController.php (100)
2026/05/14 14:47:41 [trace] [system.db.CDbCommand] Querying SQL: SELECT `options`.`id` AS `t1_c0`, `options`.`attribute_id` AS `t1_c1`, `options`.`position` AS `t1_c2`, `options`.`value` AS `t1_c3`, `options`.`cat` AS `t1_c4`, `options`.`image` AS `t1_c5` FROM `yupe_store_attribute_option` `options`  WHERE (`options`.`attribute_id`=:ypl0) ORDER BY options.position ASC. Bound with :ypl0='111'
in /home/roman/sites/www/stromsteel.loc/protected/modules/store/components/AttributeRender.php (80)
in /home/roman/sites/www/stromsteel.loc/themes/default/views/store/category/modal.php (94)
in /home/roman/sites/www/stromsteel.loc/protected/modules/store/controllers/CategoryController.php (100)
2026/05/14 14:47:41 [profile] [system.db.CDbCommand.query] begin:system.db.CDbCommand.query(SELECT `options`.`id` AS `t1_c0`, `options`.`attribute_id` AS `t1_c1`, `options`.`position` AS `t1_c2`, `options`.`value` AS `t1_c3`, `options`.`cat` AS `t1_c4`, `options`.`image` AS `t1_c5` FROM `yupe_store_attribute_option` `options`  WHERE (`options`.`attribute_id`=:ypl0) ORDER BY options.position ASC. Bound with :ypl0='111')
2026/05/14 14:47:41 [profile] [system.db.CDbCommand.query] end:system.db.CDbCommand.query(SELECT `options`.`id` AS `t1_c0`, `options`.`attribute_id` AS `t1_c1`, `options`.`position` AS `t1_c2`, `options`.`value` AS `t1_c3`, `options`.`cat` AS `t1_c4`, `options`.`image` AS `t1_c5` FROM `yupe_store_attribute_option` `options`  WHERE (`options`.`attribute_id`=:ypl0) ORDER BY options.position ASC. Bound with :ypl0='111')
2026/05/14 14:47:41 [trace] [system.db.ar.CActiveRecord] lazy loading CAttribute.options
in /home/roman/sites/www/stromsteel.loc/protected/modules/store/components/AttributeRender.php (80)
in /home/roman/sites/www/stromsteel.loc/themes/default/views/store/category/modal.php (94)
in /home/roman/sites/www/stromsteel.loc/protected/modules/store/controllers/CategoryController.php (100)
2026/05/14 14:47:41 [trace] [system.db.CDbCommand] Querying SQL: SELECT `options`.`id` AS `t1_c0`, `options`.`attribute_id` AS `t1_c1`, `options`.`position` AS `t1_c2`, `options`.`value` AS `t1_c3`, `options`.`cat` AS `t1_c4`, `options`.`image` AS `t1_c5` FROM `yupe_store_attribute_option` `options`  WHERE (`options`.`attribute_id`=:ypl0) ORDER BY options.position ASC. Bound with :ypl0='114'
in /home/roman/sites/www/stromsteel.loc/protected/modules/store/components/AttributeRender.php (80)
in /home/roman/sites/www/stromsteel.loc/themes/default/views/store/category/modal.php (94)
in /home/roman/sites/www/stromsteel.loc/protected/modules/store/controllers/CategoryController.php (100)
2026/05/14 14:47:41 [profile] [system.db.CDbCommand.query] begin:system.db.CDbCommand.query(SELECT `options`.`id` AS `t1_c0`, `options`.`attribute_id` AS `t1_c1`, `options`.`position` AS `t1_c2`, `options`.`value` AS `t1_c3`, `options`.`cat` AS `t1_c4`, `options`.`image` AS `t1_c5` FROM `yupe_store_attribute_option` `options`  WHERE (`options`.`attribute_id`=:ypl0) ORDER BY options.position ASC. Bound with :ypl0='114')
2026/05/14 14:47:41 [profile] [system.db.CDbCommand.query] end:system.db.CDbCommand.query(SELECT `options`.`id` AS `t1_c0`, `options`.`attribute_id` AS `t1_c1`, `options`.`position` AS `t1_c2`, `options`.`value` AS `t1_c3`, `options`.`cat` AS `t1_c4`, `options`.`image` AS `t1_c5` FROM `yupe_store_attribute_option` `options`  WHERE (`options`.`attribute_id`=:ypl0) ORDER BY options.position ASC. Bound with :ypl0='114')
2026/05/14 14:47:41 [trace] [system.db.ar.CActiveRecord] lazy loading CAttribute.options
in /home/roman/sites/www/stromsteel.loc/protected/modules/store/components/AttributeRender.php (80)
in /home/roman/sites/www/stromsteel.loc/themes/default/views/store/category/modal.php (86)
in /home/roman/sites/www/stromsteel.loc/protected/modules/store/controllers/CategoryController.php (100)
2026/05/14 14:47:41 [trace] [system.db.CDbCommand] Querying SQL: SELECT `options`.`id` AS `t1_c0`, `options`.`attribute_id` AS `t1_c1`, `options`.`position` AS `t1_c2`, `options`.`value` AS `t1_c3`, `options`.`cat` AS `t1_c4`, `options`.`image` AS `t1_c5` FROM `yupe_store_attribute_option` `options`  WHERE (`options`.`attribute_id`=:ypl0) ORDER BY options.position ASC. Bound with :ypl0='115'
in /home/roman/sites/www/stromsteel.loc/protected/modules/store/components/AttributeRender.php (80)
in /home/roman/sites/www/stromsteel.loc/themes/default/views/store/category/modal.php (86)
in /home/roman/sites/www/stromsteel.loc/protected/modules/store/controllers/CategoryController.php (100)
2026/05/14 14:47:41 [profile] [system.db.CDbCommand.query] begin:system.db.CDbCommand.query(SELECT `options`.`id` AS `t1_c0`, `options`.`attribute_id` AS `t1_c1`, `options`.`position` AS `t1_c2`, `options`.`value` AS `t1_c3`, `options`.`cat` AS `t1_c4`, `options`.`image` AS `t1_c5` FROM `yupe_store_attribute_option` `options`  WHERE (`options`.`attribute_id`=:ypl0) ORDER BY options.position ASC. Bound with :ypl0='115')
2026/05/14 14:47:41 [profile] [system.db.CDbCommand.query] end:system.db.CDbCommand.query(SELECT `options`.`id` AS `t1_c0`, `options`.`attribute_id` AS `t1_c1`, `options`.`position` AS `t1_c2`, `options`.`value` AS `t1_c3`, `options`.`cat` AS `t1_c4`, `options`.`image` AS `t1_c5` FROM `yupe_store_attribute_option` `options`  WHERE (`options`.`attribute_id`=:ypl0) ORDER BY options.position ASC. Bound with :ypl0='115')
